role,source,source_sha256,snapshot,sha256
matched_input_temperature,E:\real\use_code\yoloV8\Dataset_new\72video\al_images\16170075\paper_repro_temperatures.csv,3d246a11d8b60cc211db97b37cce94c028ddb96df212670475fe6ae378c78604,E:\real\use_code\yoloV8\Experiment\01_同口径消融\input_snapshots\20260909_v1\inputs\internal73\16170075.csv,b0ce2f0f6f71049a5d197385ba51360b383473b4cde0c1c16ebf7c47671e03b9
matched_input_temperature,E:\real\use_code\yoloV8\Dataset_new\72video\al_images\170272\paper_repro_temperatures.csv,ae5ae0e25dcc5080f7191515deaea450b2cd87f37462a57f125808ac88aaa455,E:\real\use_code\yoloV8\Experiment\01_同口径消融\input_snapshots\20260909_v1\inputs\internal73\170272.csv,61fe64f884e1128b0ac9a7ab1bc609d6f6d0d5a0375a557601fd02dc5c05dc10
matched_input_temperature,E:\real\use_code\yoloV8\Dataset_new\72video\al_images\170333\paper_repro_temperatures.csv,aa3a95682eb4998843529ca6f8b15ae60370c0b7a3bc94d546360a3295e7293d,E:\real\use_code\yoloV8\Experiment\01_同口径消融\input_snapshots\20260909_v1\inputs\internal73\170333.csv,ffff9aad7d7b69cf94f342b9b64972ecf27679c51d73f6a3d854daa9251aec15
matched_input_temperature,E:\real\use_code\yoloV8\Dataset_new\72video\al_images\170334\paper_repro_temperatures.csv,2fbf280a9e11dca2130c94e598ff468289a00cd2bf58f5c7ed215d193dd96d26,E:\real\use_code\yoloV8\Experiment\01_同口径消融\input_snapshots\20260909_v1\inputs\internal73\170334.csv,7fddb716a0a9a046ebd22c465eb40807274e1ea7c002b4665b3af9870a9ee9f9
matched_input_temperature,E:\real\use_code\yoloV8\Dataset_new\72video\al_images\177395\paper_repro_temperatures.csv,6239a0c6170654752d96c6f369f1df8643d6006d2926d5fc483da57b29217a72,E:\real\use_code\yoloV8\Experiment\01_同口径消融\input_snapshots\20260909_v1\inputs\internal73\177395.csv,a2501a57bb741358f0ab798a7033eb1e934cb90879b743d98f7dee09794d26e4
matched_input_temperature,E:\real\use_code\yoloV8\Dataset_new\72video\al_images\190546\paper_repro_temperatures.csv,4017203ad5304caecc8c4a4fe938e7e0c991a7ce19fe209d14ee366f4ecfc204,E:\real\use_code\yoloV8\Experiment\01_同口径消融\input_snapshots\20260909_v1\inputs\internal73\190546.csv,4d502d68cd3de406783e04733150e8b20c98259077dbbe238d4a3966b8f8b4cd
matched_input_temperature,E:\real\use_code\yoloV8\Dataset_new\72video\al_images\190588\paper_repro_temperatures.csv,4496fb21ca389bb276b35f36dae2e2f619be7a0f7ce26845c7ea5b05f7247149,E:\real\use_code\yoloV8\Experiment\01_同口径消融\input_snapshots\20260909_v1\inputs\internal73\190588.csv,c3a040e445ae5091c14582073df128cffcee27fe3453337fce754471bfccf208
matched_input_temperature,E:\real\use_code\yoloV8\Dataset_new\72video\al_images\196434\paper_repro_temperatures.csv,24855b910fb120849f0ded10253ddcedd2b4f92faa56e46b9cf388f23835030c,E:\real\use_code\yoloV8\Experiment\01_同口径消融\input_snapshots\20260909_v1\inputs\internal73\196434.csv,166708a2c2c84f16c144e0d1ca290bbd2376351a332fff22d27293e04a9cbeb2
matched_input_temperature,E:\real\use_code\yoloV8\Dataset_new\72video\al_images\200653\paper_repro_temperatures.csv,af2a45b1400dcd8c5cb313d840d5d0304326cf782b702ac3db00f25f342675ac,E:\real\use_code\yoloV8\Experiment\01_同口径消融\input_snapshots\20260909_v1\inputs\internal73\200653.csv,d2c8440542234cf77f4db9446d3317014a638ab77524324fc4a7080f1ead6f40
matched_input_temperature,E:\real\use_code\yoloV8\Dataset_new\72video\al_images\200713\paper_repro_temperatures.csv,81f5c5940bf72d4ce33424c1ab028fadd11f3ae8f3495d74042cabc71355adba,E:\real\use_code\yoloV8\Experiment\01_同口径消融\input_snapshots\20260909_v1\inputs\internal73\200713.csv,4c347095745059aff4e8fc23bf88bc868dc0672f111ba13b0535433809a6c6b4
matched_input_temperature,E:\real\use_code\yoloV8\Dataset_new\72video\al_images\200718\paper_repro_temperatures.csv,6b6ed01397e0bb27777b70b6a76210c49079c9820efba371a80ce26ae91db469,E:\real\use_code\yoloV8\Experiment\01_同口径消融\input_snapshots\20260909_v1\inputs\internal73\200718.csv,865f1f6fe5b239c8ecf92d7315715a47ff709094bb6270d1518a3f2960f24855
matched_input_temperature,E:\real\use_code\yoloV8\Dataset_new\72video\al_images\200937\paper_repro_temperatures.csv,e0e52fad090c20f85d6904d77105eac472009e838a2cee8ecf24ce145705e2e5,E:\real\use_code\yoloV8\Experiment\01_同口径消融\input_snapshots\20260909_v1\inputs\internal73\200937.csv,fb15d145fbf733a7dedee019b241de960ad8630c4cac459a40113e1972404173
matched_input_temperature,E:\real\use_code\yoloV8\Dataset_new\72video\al_images\200939\paper_repro_temperatures.csv,9b885df1b602dadd665fe3cf457cb74933b92b84dc8fe2ad4a408d9243ec83f1,E:\real\use_code\yoloV8\Experiment\01_同口径消融\input_snapshots\20260909_v1\inputs\internal73\200939.csv,9fc14ad8ed6e7351ceeb36dc5a1fcc7aed2e275b69ff192c5e82716b5ff31414
matched_input_temperature,E:\real\use_code\yoloV8\Dataset_new\72video\al_images\210944\paper_repro_temperatures.csv,a5be9ce69ab9f4363d678ca87fd4a8fbb5ec5950934631033e771a27f3faf008,E:\real\use_code\yoloV8\Experiment\01_同口径消融\input_snapshots\20260909_v1\inputs\internal73\210944.csv,bba667cf9d91683e1a61377161f0e293cd5f45545ac6ebbb07210098e7e49f04
matched_input_temperature,E:\real\use_code\yoloV8\Dataset_new\72video\al_images\210989\paper_repro_temperatures.csv,60d3038dbbd6552aeef8fb1e6ca352e19ea95ce9df75d1527b51d66e1e8ed40d,E:\real\use_code\yoloV8\Experiment\01_同口径消融\input_snapshots\20260909_v1\inputs\internal73\210989.csv,873ec293301c6ed4e8e045ced3918bf92c30d3c4216555f9d3c35efdb1cf5391
matched_input_temperature,E:\real\use_code\yoloV8\Dataset_new\72video\al_images\210994\paper_repro_temperatures.csv,b6efe019755d86cbe2ee7c7f46c8467525ecc57f89a1d0aa99252cd32f549ada,E:\real\use_code\yoloV8\Experiment\01_同口径消融\input_snapshots\20260909_v1\inputs\internal73\210994.csv,8d87b87104c1f4683b6b23b0ba509f8c0ae467ff47ea56f34fef08a4fefe3382
matched_input_temperature,E:\real\use_code\yoloV8\Dataset_new\72video\al_images\211040\paper_repro_temperatures.csv,c08ae164a0504ea16c8968df95e58029f1d5244c7f47c2e749aa9fd6406b4dd2,E:\real\use_code\yoloV8\Experiment\01_同口径消融\input_snapshots\20260909_v1\inputs\internal73\211040.csv,a97b5d3a790dfb5d9622715407c61fa6e98ec904ed20a9f58423e41a77154bfa
matched_input_temperature,E:\real\use_code\yoloV8\Dataset_new\72video\al_images\211049\paper_repro_temperatures.csv,10390751919bdf623d00194ae9311c6602f6e2530ba72ba435dc096ebb557ee1,E:\real\use_code\yoloV8\Experiment\01_同口径消融\input_snapshots\20260909_v1\inputs\internal73\211049.csv,609ac3b863444d734fb42935bdcb308089f4d9394e9d00a71a33c9d766559608
matched_input_temperature,E:\real\use_code\yoloV8\Dataset_new\72video\al_images\211056\paper_repro_temperatures.csv,2aeb1a2c4c9d1944dba907c28dcb3754fc07764ba55c284f2e10cde715328dab,E:\real\use_code\yoloV8\Experiment\01_同口径消融\input_snapshots\20260909_v1\inputs\internal73\211056.csv,b4a2024dfcf0d8e97d9a4f8a8e09dfcfd6d8311f1c9d189a10dde3f2b442f325
matched_input_temperature,E:\real\use_code\yoloV8\Dataset_new\72video\al_images\211070\paper_repro_temperatures.csv,0e6dcc7416113ef89cb32268f9e5ea70c6274a93224f38f39202efe571c003fb,E:\real\use_code\yoloV8\Experiment\01_同口径消融\input_snapshots\20260909_v1\inputs\internal73\211070.csv,156ff27da80f49380449dc49f44d0f1361913743e2201572df364e4a29e33252
matched_input_temperature,E:\real\use_code\yoloV8\Dataset_new\72video\al_images\ba170296\paper_repro_temperatures.csv,4564b0d1423c27833c36e47f2bb6be77a5d57ae75196f7f6ea189e70996242b0,E:\real\use_code\yoloV8\Experiment\01_同口径消融\input_snapshots\20260909_v1\inputs\internal73\ba170296.csv,5392dceb7d77ded72a155acfea9211347d847f9f0ea7b5d1fee9c7ff288f7dc6
matched_input_temperature,E:\real\use_code\yoloV8\Dataset_new\72video\al_images\ba177610\paper_repro_temperatures.csv,60b7812f2ab47d78e578c66cdc6b50a51d3972d50869bac211420a31ada33af5,E:\real\use_code\yoloV8\Experiment\01_同口径消融\input_snapshots\20260909_v1\inputs\internal73\ba177610.csv,e3a64611d4ffc7849ffe6471851a4d798f91bd762253ab968fe14d728d561584
matched_input_temperature,E:\real\use_code\yoloV8\Dataset_new\72video\al_images\ba455\paper_repro_temperatures.csv,89d3de070e6248a12e6d97f8cfebea6c04db8034f5d74bead0f483ccebbd12cb,E:\real\use_code\yoloV8\Experiment\01_同口径消融\input_snapshots\20260909_v1\inputs\internal73\ba455.csv,e432cebc0163715fbd6554d41b84ae4384a21dd9f114d2b5581b6c98fe999056
matched_input_temperature,E:\real\use_code\yoloV8\Dataset_new\72video\al_images\ba6516\paper_repro_temperatures.csv,b2585fcea415b82225e749c932b53cc2a6751efff06128a02ca20d64f7a56738,E:\real\use_code\yoloV8\Experiment\01_同口径消融\input_snapshots\20260909_v1\inputs\internal73\ba6516.csv,569ac6e5c6634f4f7b63656ce419ef7d3fdbdfa708d6ca8be68ccbd9646eaa01
matched_input_temperature,E:\real\use_code\yoloV8\Dataset_new\72video\al_images\bs0514\paper_repro_temperatures.csv,d143be2d2e2641d683338c4dc9c382c072b447a4e4de8588e924e54dac71ace2,E:\real\use_code\yoloV8\Experiment\01_同口径消融\input_snapshots\20260909_v1\inputs\internal73\bs0514.csv,fd1dabccd6fd663c8cac489d857d647c1687bc791937035bd299c378e769857a
matched_input_temperature,E:\real\use_code\yoloV8\Dataset_new\72video\al_images\bs1479\paper_repro_temperatures.csv,8c3d81ae80e3eb00860e5496a72d1e87fb9c68fc1c826d5a7c305d2fb191a94a,E:\real\use_code\yoloV8\Experiment\01_同口径消融\input_snapshots\20260909_v1\inputs\internal73\bs1479.csv,7ca0eea4c622cd255c5a7fdcd9586b2359b8aceef61ea96946a68bef07f637f8
matched_input_temperature,E:\real\use_code\yoloV8\Dataset_new\72video\al_images\bs170227\paper_repro_temperatures.csv,5fff912be582ec2bfb17c14bd999a0bdee4460fcbfef22c95d65261d4a1e3697,E:\real\use_code\yoloV8\Experiment\01_同口径消融\input_snapshots\20260909_v1\inputs\internal73\bs170227.csv,db4d82e07574ce9e0cd20076978b93ad5572d88b87a47a4341d6dc6ef6d0caa5
matched_input_temperature,E:\real\use_code\yoloV8\Dataset_new\72video\al_images\bs177611\paper_repro_temperatures.csv,6020b02526e0441b4cdf9fca8ababd0bf4c9dfa74c06591c290385197fd4795b,E:\real\use_code\yoloV8\Experiment\01_同口径消融\input_snapshots\20260909_v1\inputs\internal73\bs177611.csv,d92e122359263684a97311a9c2378ed6a1b1b69ed5747039c739bd123f8a321f
matched_input_temperature,E:\real\use_code\yoloV8\Dataset_new\72video\al_images\bs189556\paper_repro_temperatures.csv,0aef5eb3c34b6d3dae2f26fdc138205fde801b4e5195380fd33d1abe3eac6c9d,E:\real\use_code\yoloV8\Experiment\01_同口径消融\input_snapshots\20260909_v1\inputs\internal73\bs189556.csv,bb9596dd49449c77dab22e8ca005c518445105cd8d5cfaecf0b13379fd162728
matched_input_temperature,E:\real\use_code\yoloV8\Dataset_new\72video\al_images\bs190624\paper_repro_temperatures.csv,e9e95a8a9549e87519bcf1123a124dff2c886bb1d942d053c9b5356d0f8998ee,E:\real\use_code\yoloV8\Experiment\01_同口径消融\input_snapshots\20260909_v1\inputs\internal73\bs190624.csv,50d4346eb3a9c345746848aa791d4a244be394e3e6ca448a319213b220d0aa6d
matched_input_temperature,E:\real\use_code\yoloV8\Dataset_new\72video\al_images\bs190625\paper_repro_temperatures.csv,e032bb06b603306461319019a66c86ac78af36cae707dc873b8cf00666e14a9e,E:\real\use_code\yoloV8\Experiment\01_同口径消融\input_snapshots\20260909_v1\inputs\internal73\bs190625.csv,dc14b7c0e71bed12fece7bf7f9a0995ba4adf5fdadb9599ba790ccd322e69009
matched_input_temperature,E:\real\use_code\yoloV8\Dataset_new\72video\al_images\bs196399\paper_repro_temperatures.csv,f1bc4bd500b62ed1258cd01fea08930030bc4e609f61b95447d0ddcf99c453cb,E:\real\use_code\yoloV8\Experiment\01_同口径消融\input_snapshots\20260909_v1\inputs\internal73\bs196399.csv,eba2b029fb44d9cd80c98da7d61e98ca51ceb81a590e72fa7063004d23b2f47c
matched_input_temperature,E:\real\use_code\yoloV8\Dataset_new\72video\al_images\bs200673\paper_repro_temperatures.csv,761d2a36a0a9e84332550b07aca92f3aaa3dea376c3a95c62faab853a1962d33,E:\real\use_code\yoloV8\Experiment\01_同口径消融\input_snapshots\20260909_v1\inputs\internal73\bs200673.csv,7c90f6c42b2ada86abfbaa3c5b1142b88d5b308e9182660a9732041ebaa46f8c
matched_input_temperature,E:\real\use_code\yoloV8\Dataset_new\72video\al_images\bs200723\paper_repro_temperatures.csv,6fb71ea38e471e16a66f41258c7cce93ce31f1406608ca9ae6c1f0bd6004be33,E:\real\use_code\yoloV8\Experiment\01_同口径消融\input_snapshots\20260909_v1\inputs\internal73\bs200723.csv,d2501d2c10249978ee30ced85f47b39e54d143f62805c3ef30e12fe7999fe7a5
matched_input_temperature,E:\real\use_code\yoloV8\Dataset_new\72video\al_images\bs200794\paper_repro_temperatures.csv,4ab1ec73c6045299ddf7ca1c83423018cfa6a546fb6f5076c9f5a311773ca253,E:\real\use_code\yoloV8\Experiment\01_同口径消融\input_snapshots\20260909_v1\inputs\internal73\bs200794.csv,64705b3e3c918b4444de551e00c089b070b2416f6a113832fd677fc7e0fc6d2d
matched_input_temperature,E:\real\use_code\yoloV8\Dataset_new\72video\al_images\bs210974\paper_repro_temperatures.csv,78ca79c855e4390042c6788bac56341516b71cbad030293af751ba7f195746d0,E:\real\use_code\yoloV8\Experiment\01_同口径消融\input_snapshots\20260909_v1\inputs\internal73\bs210974.csv,42f95ebb3aeaccb3e257a0e6968a01a5a305d785c013aec6a41b3ce0dd9f4fc6
matched_input_temperature,E:\real\use_code\yoloV8\Dataset_new\72video\al_images\bs210984\paper_repro_temperatures.csv,6f6315654c46182f00af5f4851e110c1d4d10c1c015bdca7d0ff9cd9bafbb794,E:\real\use_code\yoloV8\Experiment\01_同口径消融\input_snapshots\20260909_v1\inputs\internal73\bs210984.csv,44a9258e3f5d4631f60d3fbb5d76d10c9ea8d2e8d068579fb687b2cc7741f102
matched_input_temperature,E:\real\use_code\yoloV8\Dataset_new\72video\al_images\bs211046\paper_repro_temperatures.csv,f6ef5f11ad418af85f3991ac99efdae1e3eeab2e984b70ed9cdb9d8c59d317f6,E:\real\use_code\yoloV8\Experiment\01_同口径消融\input_snapshots\20260909_v1\inputs\internal73\bs211046.csv,61e1e540c4aea966a651bfda2ee4a071d0e3964a14a868d82554103b9f667b7d
matched_input_temperature,E:\real\use_code\yoloV8\Dataset_new\72video\al_images\bs211063\paper_repro_temperatures.csv,e9cfcaacdc6197c33a481055d5b2cbcf7000bcfb45a7cac90934c78e76dbcc24,E:\real\use_code\yoloV8\Experiment\01_同口径消融\input_snapshots\20260909_v1\inputs\internal73\bs211063.csv,7686c2f33823fb352ad65cd40f6dc986969aaee71e62d289b478c98cd48bd9a9
matched_input_temperature,E:\real\use_code\yoloV8\Dataset_new\72video\al_images\bs3015\paper_repro_temperatures.csv,fa71baecfcb5d968f281d38e68c9652af6fc4a358f415dbcb9afa8b1b6122162,E:\real\use_code\yoloV8\Experiment\01_同口径消融\input_snapshots\20260909_v1\inputs\internal73\bs3015.csv,1693415bf3b22b58cafdef382f3f7785e3e295f0f67888455ecd08fe1393cfcd
matched_input_temperature,E:\real\use_code\yoloV8\Dataset_new\72video\al_images\bs450\paper_repro_temperatures.csv,5e0f91c1f6df9ca67c3e9e45eb9e299bd81c1a9c248f6d85aa7c0d5a7340fb20,E:\real\use_code\yoloV8\Experiment\01_同口径消融\input_snapshots\20260909_v1\inputs\internal73\bs450.csv,47c0813f5548970902099da79b10560c1bd837667ebfaffcdc9c5426162490de
matched_input_temperature,E:\real\use_code\yoloV8\Dataset_new\72video\al_images\bs455\paper_repro_temperatures.csv,ed9da927c52cbed98b0e1b395f646b896ee53517842b23fcb7a0bb7dd31dc0d1,E:\real\use_code\yoloV8\Experiment\01_同口径消融\input_snapshots\20260909_v1\inputs\internal73\bs455.csv,232cb9d7b385eeff9db02e4c97c5ed0a52ac1a4050f79d1f2e9e954aaf6e70b4
matched_input_temperature,E:\real\use_code\yoloV8\Dataset_new\72video\al_images\bs4717\paper_repro_temperatures.csv,bd98bdc1de402aa1cd82075091d9c5f8741c242ebc5d05b144b0410c396c8c52,E:\real\use_code\yoloV8\Experiment\01_同口径消融\input_snapshots\20260909_v1\inputs\internal73\bs4717.csv,fee95dc42cf59945cbe6525bb0990ec07f6bbcf563ec81536dbc2783afb60289
matched_input_temperature,E:\real\use_code\yoloV8\Dataset_new\72video\al_images\bs6516\paper_repro_temperatures.csv,bace5ac27f6c483fd77ce0d11a4cb6551388ccc3d7209eb6d700dc247787691f,E:\real\use_code\yoloV8\Experiment\01_同口径消融\input_snapshots\20260909_v1\inputs\internal73\bs6516.csv,71972de9e3e2867860a6a209fe24c95daf8a17b558ad492cb52be175ae4bd167
matched_input_temperature,E:\real\use_code\yoloV8\Dataset_new\72video\al_images\ns153017\paper_repro_temperatures.csv,622e8cd20b8a47381c02f1834e6798f1e9b5bbced7b735919a856835581c0796,E:\real\use_code\yoloV8\Experiment\01_同口径消融\input_snapshots\20260909_v1\inputs\internal73\ns153017.csv,24339899c49ffa9f786d965b588ad74f607fb1c18a538b4ceaee226cc79ac183
matched_input_temperature,E:\real\use_code\yoloV8\Dataset_new\72video\al_images\ns170082\paper_repro_temperatures.csv,22ccff99256cb625035085eaa2e068ec1aa9efdbd34a91f890f6fe4a3c2673bf,E:\real\use_code\yoloV8\Experiment\01_同口径消融\input_snapshots\20260909_v1\inputs\internal73\ns170082.csv,14aefd95a4f0654be4454e993bab5b3f855b0cd5fac68a67fca5e53ee313286e
matched_input_temperature,E:\real\use_code\yoloV8\Dataset_new\72video\al_images\ns179166\paper_repro_temperatures.csv,4dc5668645aa9eeb4a71c44808f889719aec735c14caaf3de6c4df9054026028,E:\real\use_code\yoloV8\Experiment\01_同口径消融\input_snapshots\20260909_v1\inputs\internal73\ns179166.csv,085bdfa9b6dff55f5a5d2d7747c7f9bcc04a594ae65eef64ad90e4656ea9fb8a
matched_input_temperature,E:\real\use_code\yoloV8\Dataset_new\72video\al_images\ns196527\paper_repro_temperatures.csv,1e79ef55be58f76e62cf70dbffbc9e9b0fc5e0f528361434e5c8a5a4e9a48992,E:\real\use_code\yoloV8\Experiment\01_同口径消融\input_snapshots\20260909_v1\inputs\internal73\ns196527.csv,716fffa498f64689d15b5795cc42e3f2e81763b9fb5cc080076b286d515ef572
matched_input_temperature,E:\real\use_code\yoloV8\Dataset_new\72video\al_images\ns200886\paper_repro_temperatures.csv,83c047210af9f307d787f7a877e86460c7283a3bb5e95d9026cc99e9004d0957,E:\real\use_code\yoloV8\Experiment\01_同口径消融\input_snapshots\20260909_v1\inputs\internal73\ns200886.csv,c6a0fc0b56603792380a33008eb407c86d38949b4ee98eb7a6636433aa010800
matched_input_temperature,E:\real\use_code\yoloV8\Dataset_new\72video\al_images\ns210947\paper_repro_temperatures.csv,3722f0ed4ff5b136467de82daa7d7b6a24303f067394cfd789ccd0d6aafd8239,E:\real\use_code\yoloV8\Experiment\01_同口径消融\input_snapshots\20260909_v1\inputs\internal73\ns210947.csv,9b64f10f1086311b01d85ba4b0d8c6d0f20d02baae272c6b246c9a45aa206ad5
matched_input_temperature,E:\real\use_code\yoloV8\Dataset_new\72video\al_images\ns211003\paper_repro_temperatures.csv,2bad9f059c82b9ff9d81a47ea2ec346c208f2e38c2afcae7b4d96bc05e9c6d16,E:\real\use_code\yoloV8\Experiment\01_同口径消融\input_snapshots\20260909_v1\inputs\internal73\ns211003.csv,bc2563580fb3008af0be8e7933f44b80f724f1079e739250c34ae1d140e08a14
matched_input_temperature,E:\real\use_code\yoloV8\Dataset_new\72video\al_images\ns211013\paper_repro_temperatures.csv,3be3df2e222361d7b6beed7e75080bba4588ec1129a677a4701ad3f7151c3c54,E:\real\use_code\yoloV8\Experiment\01_同口径消融\input_snapshots\20260909_v1\inputs\internal73\ns211013.csv,9346d6aa01a341af2bd21f959931a671572363053af0b855abf6236c4eda6ef9
matched_input_temperature,E:\real\use_code\yoloV8\Dataset_new\72video\al_images\ns211030\paper_repro_temperatures.csv,4dec362cf8b36e0651bb8a6a696db0b2177fdc4e7034750666c1a080aa89f3ab,E:\real\use_code\yoloV8\Experiment\01_同口径消融\input_snapshots\20260909_v1\inputs\internal73\ns211030.csv,464a2beb8d4122bf5aeb1fa167b6a865a3b5a3fb31fd30bb21d29a8fec9772ea
matched_input_temperature,E:\real\use_code\yoloV8\Dataset_new\72video\al_images\ns211095\paper_repro_temperatures.csv,326390d6a31fa73ec7b3a15ed65dc95a275c2e23e471dfc438c7de1b74c350ba,E:\real\use_code\yoloV8\Experiment\01_同口径消融\input_snapshots\20260909_v1\inputs\internal73\ns211095.csv,4b8ef52586934f3a0166c4ae5bf2c82f6354a4fe2a5de6107d9aaa7f16ad2c3f
matched_input_temperature,E:\real\use_code\yoloV8\Dataset_new\72video\al_images\ns211117\paper_repro_temperatures.csv,7299ecaad5b3479f3d2e10e2e38bf7b6a4956d523340f2ceaf7d26e8418b883f,E:\real\use_code\yoloV8\Experiment\01_同口径消融\input_snapshots\20260909_v1\inputs\internal73\ns211117.csv,c4d73985574c6bd7fce8221decc5e1ad75d9c7bbd6eb788d0fed5a1ee700717a
matched_input_temperature,E:\real\use_code\yoloV8\Dataset_new\72video\al_images\ns211146\paper_repro_temperatures.csv,7fbe3b548cf6c767c98c708a8961a870865f126e326365f77e7ee57114e0246b,E:\real\use_code\yoloV8\Experiment\01_同口径消融\input_snapshots\20260909_v1\inputs\internal73\ns211146.csv,b2e44560ce66e7155dce97e29466cde8fb05f0054dedd7c1acb39f8a64f7b718
matched_input_temperature,E:\real\use_code\yoloV8\Dataset_new\72video\al_images\ns211154\paper_repro_temperatures.csv,62efa4b27d47d8d1e1b7c458c60610b76206b9d3727e0cf5b81c47a74fc09acd,E:\real\use_code\yoloV8\Experiment\01_同口径消融\input_snapshots\20260909_v1\inputs\internal73\ns211154.csv,bdc99da59fd63a5adc7e5dae8b0aad1b31760b371b839c779c806ec9dcf1b53a
matched_input_temperature,E:\real\use_code\yoloV8\Dataset_new\72video\al_images\ns5364\paper_repro_temperatures.csv,0bc5a2141f3c15cbae14180007d7c1b7a9cc64687846739008b1732c84da769b,E:\real\use_code\yoloV8\Experiment\01_同口径消融\input_snapshots\20260909_v1\inputs\internal73\ns5364.csv,29243eac2272f15a2ead02152094ea28a85e5e3db2a3c4b09f8b97dc9e057254
matched_input_temperature,E:\real\use_code\yoloV8\Dataset_new\72video\al_images\zs16110159\paper_repro_temperatures.csv,d80c69f71d97327b7eb38a443925c726debb4241858af495c50df44437d90807,E:\real\use_code\yoloV8\Experiment\01_同口径消融\input_snapshots\20260909_v1\inputs\internal73\zs16110159.csv,5cfd9066348e6d96c467bdd4120ec8ead71a2e62791903d9275df14954719185
matched_input_temperature,E:\real\use_code\yoloV8\Dataset_new\72video\al_images\zs16110577\paper_repro_temperatures.csv,e035ee6783e06407fce8a4244a8d044d6adfeb098220bc342052c2d841d1ffc1,E:\real\use_code\yoloV8\Experiment\01_同口径消融\input_snapshots\20260909_v1\inputs\internal73\zs16110577.csv,8cd55dcdf730c49ad29d30e185b764596aa94720bfa234806b8ce1720a845218
matched_input_temperature,E:\real\use_code\yoloV8\Dataset_new\72video\al_images\zs170053\paper_repro_temperatures.csv,6c5e37d9a56a415c7197a6d8914b899eabf2710e9f9a670385d2448057b885d6,E:\real\use_code\yoloV8\Experiment\01_同口径消融\input_snapshots\20260909_v1\inputs\internal73\zs170053.csv,2d2229c357cec89ccc3e62582acb93096e09c4815bf4d884e3a50d7d1c7e0b71
matched_input_temperature,E:\real\use_code\yoloV8\Dataset_new\72video\al_images\zs170065\paper_repro_temperatures.csv,38db300a5d8bd74942cf7f450201eedec4d8a5e099388b523bd9149f71c50f28,E:\real\use_code\yoloV8\Experiment\01_同口径消融\input_snapshots\20260909_v1\inputs\internal73\zs170065.csv,dc64c51c1bf9be3081156e3046bff58868906bbd492974464d4d45330666219b
matched_input_temperature,E:\real\use_code\yoloV8\Dataset_new\72video\al_images\zs170236\paper_repro_temperatures.csv,70ce122fa9d841876e6928df0a1f8a1bd6d8ac81c77b26b2f078b9c39e95f45a,E:\real\use_code\yoloV8\Experiment\01_同口径消融\input_snapshots\20260909_v1\inputs\internal73\zs170236.csv,bc0b0fa419aab39243c08b12ede45912f6bdac374e33b1c08348d58f145fe524
matched_input_temperature,E:\real\use_code\yoloV8\Dataset_new\72video\al_images\zs170416\paper_repro_temperatures.csv,c53948cb068e21d31c562946755b2446a74f859a927de07af172c8e41259a7d3,E:\real\use_code\yoloV8\Experiment\01_同口径消融\input_snapshots\20260909_v1\inputs\internal73\zs170416.csv,20bbaa21bc5ab980abf6f038e9ab3cf31adca9b34b593f1a573f1441f3b4bcea
matched_input_temperature,E:\real\use_code\yoloV8\Dataset_new\72video\al_images\zs170419\paper_repro_temperatures.csv,43270687f1fc3e62498580aa519323576501acf3f62d3ba40147f478ea48d3e2,E:\real\use_code\yoloV8\Experiment\01_同口径消融\input_snapshots\20260909_v1\inputs\internal73\zs170419.csv,6668e81b4a6a7e59c409c32c1f453ca59c6174e79eae7d97c8ea95c965de6c1b
matched_input_temperature,E:\real\use_code\yoloV8\Dataset_new\72video\al_images\zs170554\paper_repro_temperatures.csv,def4fb48d6ee9ec0383b06ad859ff31e24f0593b1d20d9b5861727190ff799c8,E:\real\use_code\yoloV8\Experiment\01_同口径消融\input_snapshots\20260909_v1\inputs\internal73\zs170554.csv,79ff68fe83c20c6d1f7349b2a4fbaefa18a2c730f177fb91b2dd911d1b11688c
matched_input_temperature,E:\real\use_code\yoloV8\Dataset_new\72video\al_images\zs179187\paper_repro_temperatures.csv,8e2a5085760f58bed6ae978c35d3955218aa887034042f71f1f63b2a4a6f6584,E:\real\use_code\yoloV8\Experiment\01_同口径消融\input_snapshots\20260909_v1\inputs\internal73\zs179187.csv,2b17341ee560de30f1282d692ffab69e6d0721e5db468b382a48cb28bdb0346e
matched_input_temperature,E:\real\use_code\yoloV8\Dataset_new\72video\al_images\zs190621\paper_repro_temperatures.csv,8f40d632a828f1380b20ecd3505c875eb4ca9b1bd5fd5148ed0c33886320b39c,E:\real\use_code\yoloV8\Experiment\01_同口径消融\input_snapshots\20260909_v1\inputs\internal73\zs190621.csv,40511f80236044de51f4602d60e568dd848ce4979bd1ab1ac08ea15ee4f9f7c7
matched_input_temperature,E:\real\use_code\yoloV8\Dataset_new\72video\al_images\zs197000\paper_repro_temperatures.csv,330f361d28beacfc632ca554e01f5ea8170c3d1e37a224a8369ebf3a166f41a4,E:\real\use_code\yoloV8\Experiment\01_同口径消融\input_snapshots\20260909_v1\inputs\internal73\zs197000.csv,2032df1534482364d2290073adfb66bbc61090e0172b8a726550073a69634ec3
matched_input_temperature,E:\real\use_code\yoloV8\Dataset_new\72video\al_images\zs200751\paper_repro_temperatures.csv,c21ea03423f50585314529fd43b0cb3706521e0c308b65723a2870a774d6ee06,E:\real\use_code\yoloV8\Experiment\01_同口径消融\input_snapshots\20260909_v1\inputs\internal73\zs200751.csv,8dd95a579cd0ff592f9cb52b83a88e9829f64ad2337fdbb1799ee53660d84572
matched_input_temperature,E:\real\use_code\yoloV8\Dataset_new\72video\al_images\zs200783\paper_repro_temperatures.csv,64ab8cbb50da53a8f402eb390e0377fa4d806445673e04ec54f2a08db4ea878a,E:\real\use_code\yoloV8\Experiment\01_同口径消融\input_snapshots\20260909_v1\inputs\internal73\zs200783.csv,343e40cf38e682f4cd291cf3374f2a12bd02c8f4f63f8adfe65bea345d28fb0b
matched_input_temperature,E:\real\use_code\yoloV8\Dataset_new\72video\al_images\zs200796\paper_repro_temperatures.csv,7b1c2843a9cc3b4576a3a7e22ef2d8d6f492eea5ff89b94ca7146aa42174eef5,E:\real\use_code\yoloV8\Experiment\01_同口径消融\input_snapshots\20260909_v1\inputs\internal73\zs200796.csv,2ad025245e3d296eb472440855ddcc1869ab2da78e3b9c0d2a04cf54f19920d3
matched_input_temperature,E:\real\use_code\yoloV8\Dataset_new\72video\al_images\zs211062\paper_repro_temperatures.csv,e8cac7a4ed58962742b07d5a80ef17d09b5a03da119d5b73556af11c3a784c3a,E:\real\use_code\yoloV8\Experiment\01_同口径消融\input_snapshots\20260909_v1\inputs\internal73\zs211062.csv,bf63c01cefe5c3e38ff2723527fe5c360cb812cf014bc04c35f0d9d850e9ce87
matched_input_temperature,E:\real\use_code\yoloV8\Dataset_new\72video\lindian_anchored30_frames\16170075\lindian_motion_roi_radius_temperatures.csv,02c26af397fa86aebf52288cafb7135b64366e7e0bf280a3a7e613e305cc8f10,E:\real\use_code\yoloV8\Experiment\01_同口径消融\input_snapshots\20260909_v1\inputs\anchored49\16170075.csv,bac1b0f20b52948ccd10611852ab3909bb04ac9031799e6abcd5d8faf8a4d696
matched_input_temperature,E:\real\use_code\yoloV8\Dataset_new\72video\lindian_anchored30_frames\170272\lindian_motion_roi_radius_temperatures.csv,c631be8f51b15002c5e8695328ad1bd68df5c16f3a856e66c1bcf11462a5425b,E:\real\use_code\yoloV8\Experiment\01_同口径消融\input_snapshots\20260909_v1\inputs\anchored49\170272.csv,1ada003b6d970ad1ecb576e79fcb2a41e1d9fdddbef90e2bb397c817f50cd38e
matched_input_temperature,E:\real\use_code\yoloV8\Dataset_new\72video\lindian_anchored30_frames\170333\lindian_motion_roi_radius_temperatures.csv,d45465eb948621496e94901b53e95b2c7961f0303e3b561961e4ee54416b0ffc,E:\real\use_code\yoloV8\Experiment\01_同口径消融\input_snapshots\20260909_v1\inputs\anchored49\170333.csv,14e20f5f7d0e358a40a604ac8fe8fd2ca631d0d9bfc4f26b6705081d98236cd6
matched_input_temperature,E:\real\use_code\yoloV8\Dataset_new\72video\lindian_anchored30_frames\170334\lindian_motion_roi_radius_temperatures.csv,7fbf12edeac257cc45a679b975b45416ede0ffbb05f61dd0eed11f1ac4867c24,E:\real\use_code\yoloV8\Experiment\01_同口径消融\input_snapshots\20260909_v1\inputs\anchored49\170334.csv,22c029ca7feac19e8273aa058e1af23c07bcdf4f02a00e503a780d12c51c054e
matched_input_temperature,E:\real\use_code\yoloV8\Dataset_new\72video\lindian_anchored30_frames\177395\lindian_motion_roi_radius_temperatures.csv,54b80fe45703e1d4ef0ca39a3a26b92340697eb9e431a65d68835ee197cb2b60,E:\real\use_code\yoloV8\Experiment\01_同口径消融\input_snapshots\20260909_v1\inputs\anchored49\177395.csv,4b56f6a7b3775cd4cc996421b3a9561359ad2dba02db2d8d57246ea80b704f9a
matched_input_temperature,E:\real\use_code\yoloV8\Dataset_new\72video\lindian_anchored30_frames\190546\lindian_motion_roi_radius_temperatures.csv,2b25b54c51721c5226409fd6248201f7584d62b987dbde95333d30ee5265e7ff,E:\real\use_code\yoloV8\Experiment\01_同口径消融\input_snapshots\20260909_v1\inputs\anchored49\190546.csv,11dd67642ef8069248433980c0f30673b44b600d0ce47abff036046dd0cbafbb
matched_input_temperature,E:\real\use_code\yoloV8\Dataset_new\72video\lindian_anchored30_frames\190588\lindian_motion_roi_radius_temperatures.csv,7d1bd8dba5c33cc6fd138337dfad2fdd190494c353b53f744149ae73f3dc2c4e,E:\real\use_code\yoloV8\Experiment\01_同口径消融\input_snapshots\20260909_v1\inputs\anchored49\190588.csv,9566ffd516bf7973c92114a6395b8ec615aecb5a72a26ea832c3f2010a4021fe
matched_input_temperature,E:\real\use_code\yoloV8\Dataset_new\72video\lindian_anchored30_frames\196434\lindian_motion_roi_radius_temperatures.csv,630c65406868c3bc13df22cfa8798b855175a4cda061648d398a00d30a9d6cb3,E:\real\use_code\yoloV8\Experiment\01_同口径消融\input_snapshots\20260909_v1\inputs\anchored49\196434.csv,62fde6c8364894adabb77e25b7679331c26150f49512adfe32694d45d7c580fd
matched_input_temperature,E:\real\use_code\yoloV8\Dataset_new\72video\lindian_anchored30_frames\200713\lindian_motion_roi_radius_temperatures.csv,b95748c9dcb50ce0669d71390905db518cc924b0a24fcc8793d141ab58edee65,E:\real\use_code\yoloV8\Experiment\01_同口径消融\input_snapshots\20260909_v1\inputs\anchored49\200713.csv,d830424ef3c508d695ffd7b8903afddbd0b74d6cfbce269860742098d84d3298
matched_input_temperature,E:\real\use_code\yoloV8\Dataset_new\72video\lindian_anchored30_frames\200718\lindian_motion_roi_radius_temperatures.csv,6bc1d48bbff35301871fdd6e35e0813f42b68a3d67d991c547e485d48879dc03,E:\real\use_code\yoloV8\Experiment\01_同口径消融\input_snapshots\20260909_v1\inputs\anchored49\200718.csv,5a5b5e1efd95285040b9b8bc53ebd52311ddd05c0efd41942067a1f82690c6aa
matched_input_temperature,E:\real\use_code\yoloV8\Dataset_new\72video\lindian_anchored30_frames\210989\lindian_motion_roi_radius_temperatures.csv,66200daa139b15a99463ef002ab119d42c464072c3b0fca0a181dd1fd851f1e3,E:\real\use_code\yoloV8\Experiment\01_同口径消融\input_snapshots\20260909_v1\inputs\anchored49\210989.csv,4d09ee0ffbacf1c81e6838b557a1b77ae615453ea992426f2b5212f352e7cc08
matched_input_temperature,E:\real\use_code\yoloV8\Dataset_new\72video\lindian_anchored30_frames\211056\lindian_motion_roi_radius_temperatures.csv,e0b3c77b3e7060353ec76cfef218a5f83dc01135643e0a33f166f668dceca81b,E:\real\use_code\yoloV8\Experiment\01_同口径消融\input_snapshots\20260909_v1\inputs\anchored49\211056.csv,fd5cbc66207fd5e60519d07f15b24afd9a3950fa325ff19ec0ea0bfe5a7cbfba
matched_input_temperature,E:\real\use_code\yoloV8\Dataset_new\72video\lindian_anchored30_frames\211070\lindian_motion_roi_radius_temperatures.csv,c6be481d2f01f1dbcd6834a81892f23bf909c545e914e71eab31c8a943aae92a,E:\real\use_code\yoloV8\Experiment\01_同口径消融\input_snapshots\20260909_v1\inputs\anchored49\211070.csv,8ebe7e651e3c2f93761c10e63265e4d8b064e34dc058041f159f88b3478a0d53
matched_input_temperature,E:\real\use_code\yoloV8\Dataset_new\72video\lindian_anchored30_frames\ba170296\lindian_motion_roi_radius_temperatures.csv,0508b8c93af2241808c0f8461103d596b0bb0a063f2562d64644b8abc47abc2b,E:\real\use_code\yoloV8\Experiment\01_同口径消融\input_snapshots\20260909_v1\inputs\anchored49\ba170296.csv,00f5d39d4e80dd5ec52fa7988b6b46f01086fed209e533414f22a8ea504f8d39
matched_input_temperature,E:\real\use_code\yoloV8\Dataset_new\72video\lindian_anchored30_frames\ba177610\lindian_motion_roi_radius_temperatures.csv,dd08f22021db20575c9d8c66c46aec5d32a420785a4e89a398627979148261f5,E:\real\use_code\yoloV8\Experiment\01_同口径消融\input_snapshots\20260909_v1\inputs\anchored49\ba177610.csv,387209a325294449106d7ae827f65fa9b56e9359a3b01d25dc6a72ecb06262be
matched_input_temperature,E:\real\use_code\yoloV8\Dataset_new\72video\lindian_anchored30_frames\ba455\lindian_motion_roi_radius_temperatures.csv,7c083fcff673be97797b8325676e636a30e2dbc65f71f499a6c32e45a793269b,E:\real\use_code\yoloV8\Experiment\01_同口径消融\input_snapshots\20260909_v1\inputs\anchored49\ba455.csv,58a41feae6f90ddd31102973d240e22211714de9c1d07690914b48d15ed5479c
matched_input_temperature,E:\real\use_code\yoloV8\Dataset_new\72video\lindian_anchored30_frames\ba6516\lindian_motion_roi_radius_temperatures.csv,7e76f784d24e1e6e96e687c9c3fe4adadfe76040290e2ba936277d8e1aa69173,E:\real\use_code\yoloV8\Experiment\01_同口径消融\input_snapshots\20260909_v1\inputs\anchored49\ba6516.csv,b8f388645799acb025bd53fb844d5d0cb510ae7d2b56209580fc02f352f9e77b
matched_input_temperature,E:\real\use_code\yoloV8\Dataset_new\72video\lindian_anchored30_frames\bs0514\lindian_motion_roi_radius_temperatures.csv,70ff0eec4edcb3e2ba67c89771963f1f405d9815b01c210a4bb7025eb5589500,E:\real\use_code\yoloV8\Experiment\01_同口径消融\input_snapshots\20260909_v1\inputs\anchored49\bs0514.csv,52d929a255b0f22d00643f7877586577ca7d580b49ceb8eb649245001f57d04a
matched_input_temperature,E:\real\use_code\yoloV8\Dataset_new\72video\lindian_anchored30_frames\bs170227\lindian_motion_roi_radius_temperatures.csv,ef5f1941454dba4b7e00f41f1997fb11f6b8492df5281d52f8e1a2582c77435c,E:\real\use_code\yoloV8\Experiment\01_同口径消融\input_snapshots\20260909_v1\inputs\anchored49\bs170227.csv,adce51134356b1a930cdce2f0d712bc6dd0177b74e98b0fc868c48d79046f33e
matched_input_temperature,E:\real\use_code\yoloV8\Dataset_new\72video\lindian_anchored30_frames\bs177611\lindian_motion_roi_radius_temperatures.csv,f1442743389a0d6e28bd9471d17465a7b2f971d8c35b5e0c1ee7e629b86607be,E:\real\use_code\yoloV8\Experiment\01_同口径消融\input_snapshots\20260909_v1\inputs\anchored49\bs177611.csv,f6b95ec825aab85bab83e4130bc99747a0c04d137a35552680ae5ff7d17eb404
matched_input_temperature,E:\real\use_code\yoloV8\Dataset_new\72video\lindian_anchored30_frames\bs189556\lindian_motion_roi_radius_temperatures.csv,51ab353c2e370553e982431785732eed22d9560b8b66176872fc30d4dd74b93b,E:\real\use_code\yoloV8\Experiment\01_同口径消融\input_snapshots\20260909_v1\inputs\anchored49\bs189556.csv,dfb1a1cff82562edca1d920a8c3bcddd68dbfc96e0b75810fd9ca9be90998d4b
matched_input_temperature,E:\real\use_code\yoloV8\Dataset_new\72video\lindian_anchored30_frames\bs190624\lindian_motion_roi_radius_temperatures.csv,6b4d1eddad8c17cec968e1b783a8069e2e96c5f734d18bed3f43d2fa71206c3e,E:\real\use_code\yoloV8\Experiment\01_同口径消融\input_snapshots\20260909_v1\inputs\anchored49\bs190624.csv,abf7947b18058519316b286aa59bc2056432d83e00e9553fe94e4c3a4f1b6313
matched_input_temperature,E:\real\use_code\yoloV8\Dataset_new\72video\lindian_anchored30_frames\bs200673\lindian_motion_roi_radius_temperatures.csv,8b78d83158588aa7e5b4aec636a11c326b5c739f2a36cebfbebb9e893e3cdd99,E:\real\use_code\yoloV8\Experiment\01_同口径消融\input_snapshots\20260909_v1\inputs\anchored49\bs200673.csv,86d96cbe1169356bb3fa5460ce071d15a4343149dfbd41464046887b71a649bb
matched_input_temperature,E:\real\use_code\yoloV8\Dataset_new\72video\lindian_anchored30_frames\bs200794\lindian_motion_roi_radius_temperatures.csv,e44710b14ac938047089a935aa260b75ea62ac24afdcbcf22ddc65b8f81ee0cc,E:\real\use_code\yoloV8\Experiment\01_同口径消融\input_snapshots\20260909_v1\inputs\anchored49\bs200794.csv,09fa8171774b8be236d2dbe3741fe87e4deac5c581416275888db12a2415d187
matched_input_temperature,E:\real\use_code\yoloV8\Dataset_new\72video\lindian_anchored30_frames\bs210974\lindian_motion_roi_radius_temperatures.csv,ab27b79784e887f276ddef6b698f678e499a65624086505461c20ebc91753f15,E:\real\use_code\yoloV8\Experiment\01_同口径消融\input_snapshots\20260909_v1\inputs\anchored49\bs210974.csv,1a9e85339303e03ba170bbfbffe4afd786609866de4d8c697a25074d042c331d
matched_input_temperature,E:\real\use_code\yoloV8\Dataset_new\72video\lindian_anchored30_frames\bs211046\lindian_motion_roi_radius_temperatures.csv,0e9093e388e713f481a9320b24ed903f70f38d85c80b544f22538086a6596df3,E:\real\use_code\yoloV8\Experiment\01_同口径消融\input_snapshots\20260909_v1\inputs\anchored49\bs211046.csv,5668995353ba172940ffdc136e66dcfc63157de7af17c42bcf72d3850a4590f3
matched_input_temperature,E:\real\use_code\yoloV8\Dataset_new\72video\lindian_anchored30_frames\bs211063\lindian_motion_roi_radius_temperatures.csv,603490c7f18300fb249362a5048d15324fc8528e219d68ac26ffc7643f942717,E:\real\use_code\yoloV8\Experiment\01_同口径消融\input_snapshots\20260909_v1\inputs\anchored49\bs211063.csv,f156d3048e73b6d4cfcccbeef8223e77a3da9a507c0299dd70c2d51524140404
matched_input_temperature,E:\real\use_code\yoloV8\Dataset_new\72video\lindian_anchored30_frames\bs450\lindian_motion_roi_radius_temperatures.csv,4e7b12a56b7ba3624ad7549c27944aeb6a8776ecebfddb9a1c37099a8a12c94a,E:\real\use_code\yoloV8\Experiment\01_同口径消融\input_snapshots\20260909_v1\inputs\anchored49\bs450.csv,af9a93b5be8eeb73d2e46f71d066dac84acb864db3a8811bca46f5fd0b9ba844
matched_input_temperature,E:\real\use_code\yoloV8\Dataset_new\72video\lindian_anchored30_frames\bs455\lindian_motion_roi_radius_temperatures.csv,56b0b81f8db5fa145bd973b66a25185d131d76e40831a6e4f476c9ed515a7eb1,E:\real\use_code\yoloV8\Experiment\01_同口径消融\input_snapshots\20260909_v1\inputs\anchored49\bs455.csv,345c90e0a3f8a02d76b980e8ac275f2e1993f87ad6d3f9599c1fbffa6d67b74a
matched_input_temperature,E:\real\use_code\yoloV8\Dataset_new\72video\lindian_anchored30_frames\bs4717\lindian_motion_roi_radius_temperatures.csv,3cb5a8a3190a2a9098d3a1bd55d3a8241c19da27f03f2a147eb25df885cc9db9,E:\real\use_code\yoloV8\Experiment\01_同口径消融\input_snapshots\20260909_v1\inputs\anchored49\bs4717.csv,d835f492e277c92a384c49dc2261f11adc669cbd71f3cd1950992609adf21641
matched_input_temperature,E:\real\use_code\yoloV8\Dataset_new\72video\lindian_anchored30_frames\bs6516\lindian_motion_roi_radius_temperatures.csv,f8518d0aab6c728c1a4389e450f5012f575af69e2787809e0927b9f155d66b9b,E:\real\use_code\yoloV8\Experiment\01_同口径消融\input_snapshots\20260909_v1\inputs\anchored49\bs6516.csv,7830dd96ba35d0b2a97579ab3adf8250ddc95f846e65b33a11e7ac97a31efa03
matched_input_temperature,E:\real\use_code\yoloV8\Dataset_new\72video\lindian_anchored30_frames\ns170082\lindian_motion_roi_radius_temperatures.csv,25f33070603158ff23122ecc390afe9fe125fdca7514c6cae211437a147ff47f,E:\real\use_code\yoloV8\Experiment\01_同口径消融\input_snapshots\20260909_v1\inputs\anchored49\ns170082.csv,294f31e70285f1aeebfcb0e8815744143922cd7c27dcbee74a63985ac7d97da4
matched_input_temperature,E:\real\use_code\yoloV8\Dataset_new\72video\lindian_anchored30_frames\ns179166\lindian_motion_roi_radius_temperatures.csv,d2fc6ca3ee50a64e545a3be8c04b709bf5406b84efdd45ed2fb10b0af534d42e,E:\real\use_code\yoloV8\Experiment\01_同口径消融\input_snapshots\20260909_v1\inputs\anchored49\ns179166.csv,b081e245d6f48595a0025ef9af84c79ddc20039e48c15258acd659002ca15d01
matched_input_temperature,E:\real\use_code\yoloV8\Dataset_new\72video\lindian_anchored30_frames\ns196527\lindian_motion_roi_radius_temperatures.csv,34ae9fc35ad79ac67c757ee0954a2da08dfa698b90d283fd8d15c4199c9e370f,E:\real\use_code\yoloV8\Experiment\01_同口径消融\input_snapshots\20260909_v1\inputs\anchored49\ns196527.csv,2444f334f0528b28aeba59b44159b23cb2998918cada2ad9962e76b09cf0523b
matched_input_temperature,E:\real\use_code\yoloV8\Dataset_new\72video\lindian_anchored30_frames\ns200886\lindian_motion_roi_radius_temperatures.csv,66100be7b2e8fd48c9d74cc0f591f9911ce603c3200fef2e240c0cd953885201,E:\real\use_code\yoloV8\Experiment\01_同口径消融\input_snapshots\20260909_v1\inputs\anchored49\ns200886.csv,3e474c1b15a1c676b11f2ee0c9991723000925e7d2cb15104088043d3c3af238
matched_input_temperature,E:\real\use_code\yoloV8\Dataset_new\72video\lindian_anchored30_frames\ns210947\lindian_motion_roi_radius_temperatures.csv,e475284dbbe87473471768d4ef8447267a1b74f43bc589d4b6366621fb875697,E:\real\use_code\yoloV8\Experiment\01_同口径消融\input_snapshots\20260909_v1\inputs\anchored49\ns210947.csv,b863c4a145b25918c4fffc709016d3a3b1f1b8921f6432280e14a0c273cb12c4
matched_input_temperature,E:\real\use_code\yoloV8\Dataset_new\72video\lindian_anchored30_frames\ns211003\lindian_motion_roi_radius_temperatures.csv,0e11d71584203b91f3e6543700b10f2eaf1ff29b7502a7f22969bd1f270ded70,E:\real\use_code\yoloV8\Experiment\01_同口径消融\input_snapshots\20260909_v1\inputs\anchored49\ns211003.csv,0c21737275bae8bf394f19265efc729d95e9e19f268134e80945e940d1831a09
matched_input_temperature,E:\real\use_code\yoloV8\Dataset_new\72video\lindian_anchored30_frames\ns211095\lindian_motion_roi_radius_temperatures.csv,de91c498563a354c0e54b435419167b430b3b259929c551c96a582e6e64172fe,E:\real\use_code\yoloV8\Experiment\01_同口径消融\input_snapshots\20260909_v1\inputs\anchored49\ns211095.csv,55baa1c052f8ad655e2f1e23b8b73b31d79763d8779447cac8de7fc8d0b4fc0f
matched_input_temperature,E:\real\use_code\yoloV8\Dataset_new\72video\lindian_anchored30_frames\ns211117\lindian_motion_roi_radius_temperatures.csv,21fb0b8566752cef2c2f96d383ecfb053d4a70182f61a9d014fd070971605f47,E:\real\use_code\yoloV8\Experiment\01_同口径消融\input_snapshots\20260909_v1\inputs\anchored49\ns211117.csv,11e2d7039c1eeae7e8c02452e8c6e44414f3b185c748a3a8ee8ec075aa124960
matched_input_temperature,E:\real\use_code\yoloV8\Dataset_new\72video\lindian_anchored30_frames\ns211146\lindian_motion_roi_radius_temperatures.csv,96d87f6ca48d81b93a8a840a911775aa7487799e151ab40ffdb5dec50d5d8c1e,E:\real\use_code\yoloV8\Experiment\01_同口径消融\input_snapshots\20260909_v1\inputs\anchored49\ns211146.csv,c912947c1be17b646b2f4faf01928174afd8c06a739fe7d129887aa423f61b38
matched_input_temperature,E:\real\use_code\yoloV8\Dataset_new\72video\lindian_anchored30_frames\zs170053\lindian_motion_roi_radius_temperatures.csv,491bd321df6a6fbdebeabb701424814ade331ef839003ba2af7b2700f66e3531,E:\real\use_code\yoloV8\Experiment\01_同口径消融\input_snapshots\20260909_v1\inputs\anchored49\zs170053.csv,de6adc5ebcb67624a73449d6b9364cef93c41ec83fe1ad9fa0166b29ea0959d4
matched_input_temperature,E:\real\use_code\yoloV8\Dataset_new\72video\lindian_anchored30_frames\zs170236\lindian_motion_roi_radius_temperatures.csv,1d0564b0c80ebe6af7b82fec56a4c83dbb7f8f8941c48a8dba7797c858b715b9,E:\real\use_code\yoloV8\Experiment\01_同口径消融\input_snapshots\20260909_v1\inputs\anchored49\zs170236.csv,822eb40a9e05c0418ba48e0bf4a2e4cd38e92af8e41b2515b9c4732d4baf63d7
matched_input_temperature,E:\real\use_code\yoloV8\Dataset_new\72video\lindian_anchored30_frames\zs170416\lindian_motion_roi_radius_temperatures.csv,a6423203427d6726e3c08409c78cb15783ad0ae9f77cb2a81de321b13f25530c,E:\real\use_code\yoloV8\Experiment\01_同口径消融\input_snapshots\20260909_v1\inputs\anchored49\zs170416.csv,40857d92e8fa1f169ff819311f98070f5448b2bf5d4d7402f17bbbc1d7c7feec
matched_input_temperature,E:\real\use_code\yoloV8\Dataset_new\72video\lindian_anchored30_frames\zs170554\lindian_motion_roi_radius_temperatures.csv,a2066f1db1ac38ef83d4d9b6640621fa5a254ca36787563b5d8d3e99407eec54,E:\real\use_code\yoloV8\Experiment\01_同口径消融\input_snapshots\20260909_v1\inputs\anchored49\zs170554.csv,06d7742f181c9adb5b5d24b4464ae8bb9ea4600fadfdd9513a2163eabec218a3
matched_input_temperature,E:\real\use_code\yoloV8\Dataset_new\72video\lindian_anchored30_frames\zs190621\lindian_motion_roi_radius_temperatures.csv,be8be7c31c6dc861addfa4524a96ce7458f1e51712820013f6daf003014d1402,E:\real\use_code\yoloV8\Experiment\01_同口径消融\input_snapshots\20260909_v1\inputs\anchored49\zs190621.csv,9fe8a331b18187b8f4d72ba51a7e3ecb5d0df524facdde8be0a4aab0d6f98220
matched_input_temperature,E:\real\use_code\yoloV8\Dataset_new\72video\lindian_anchored30_frames\zs197000\lindian_motion_roi_radius_temperatures.csv,9fbe5bf5b5198fa2bf1c920f4e36bb16577d6ad075e32c05742e21e31478eec5,E:\real\use_code\yoloV8\Experiment\01_同口径消融\input_snapshots\20260909_v1\inputs\anchored49\zs197000.csv,c9ba50e2ee8ba1b7b534c15229129f50fdc9c575d646df7bf5c0107f5f37b5a6
matched_input_temperature,E:\real\use_code\yoloV8\Dataset_new\72video\lindian_anchored30_frames\zs200751\lindian_motion_roi_radius_temperatures.csv,66bae1b8e6d83e240128b45e00c6e5a0d840d0e741658e26b2c5446cd2e4f316,E:\real\use_code\yoloV8\Experiment\01_同口径消融\input_snapshots\20260909_v1\inputs\anchored49\zs200751.csv,bab0880679d7c305f9f4100750d00113127ef6875a31257e6034719617459b3f
matched_input_temperature,E:\real\use_code\yoloV8\Dataset_new\72video\lindian_anchored30_frames\zs200783\lindian_motion_roi_radius_temperatures.csv,846cc6dedfb1e17b218e11c1008f6915a2b8cbf3c852eb71cc5fd0fdf5ce19de,E:\real\use_code\yoloV8\Experiment\01_同口径消融\input_snapshots\20260909_v1\inputs\anchored49\zs200783.csv,870dd374c52a398326ceadc20b2e5d1668561d8e3a79ba3fe6041a08a10f8fc7
matched_input_temperature,E:\real\use_code\yoloV8\Dataset_new\72video\lindian_anchored30_frames\zs211062\lindian_motion_roi_radius_temperatures.csv,fbaf5bf26a0ff7f69939f7011e7acac41c8a9019170027cc3fcc41c38c791ca3,E:\real\use_code\yoloV8\Experiment\01_同口径消融\input_snapshots\20260909_v1\inputs\anchored49\zs211062.csv,bf386a3c07785e49b2a4b346ee2eddf641df9e3ed6fa20044afd148e5e879106
historical_snapshot,E:\real\use_code\yoloV8\Dataset_new\72video\al_images\paper_repro_summary.csv,a1eca6725fee3eb0d2f130fe0c4b432a425847ff388741d79d78582090b65009,E:\real\use_code\yoloV8\Experiment\01_同口径消融\input_snapshots\20260909_v1\historical_sources\paper_repro_summary.csv,a1eca6725fee3eb0d2f130fe0c4b432a425847ff388741d79d78582090b65009
historical_snapshot,E:\real\use_code\yoloV8\Dataset_new\72video\al_images\paper_repro_metrics.csv,89ee0345586e7ed75a330776dda05fe2a7a10a674760b83db7a778dbb2772ec0,E:\real\use_code\yoloV8\Experiment\01_同口径消融\input_snapshots\20260909_v1\historical_sources\paper_repro_metrics.csv,89ee0345586e7ed75a330776dda05fe2a7a10a674760b83db7a778dbb2772ec0
historical_snapshot,E:\real\use_code\yoloV8\Dataset_new\72video\al_images\paper_repro_quality_residual_paper_assets\lindian_anchored30_motion_robust_rr_predictions.csv,fd45087ef6e477997e42f57c6898e5e8dc156a5dff5272f9e1dff2ae2484df75,E:\real\use_code\yoloV8\Experiment\01_同口径消融\input_snapshots\20260909_v1\historical_sources\lindian_anchored30_motion_robust_rr_predictions.csv,fd45087ef6e477997e42f57c6898e5e8dc156a5dff5272f9e1dff2ae2484df75
historical_snapshot,E:\real\use_code\yoloV8\Dataset_new\72video\al_images\paper_repro_quality_residual_paper_assets\lindian_anchored30_quality_gated_annotation_template.csv,0c0b74f1d077d831801a77237f9dea78c5a2f46d8892efcf927ac6445d6e0306,E:\real\use_code\yoloV8\Experiment\01_同口径消融\input_snapshots\20260909_v1\historical_sources\lindian_anchored30_quality_gated_annotation_template.csv,0c0b74f1d077d831801a77237f9dea78c5a2f46d8892efcf927ac6445d6e0306
historical_snapshot,E:\real\use_code\yoloV8\Dataset_new\72video\video\temperature_curves.csv,cde2d7c7e2ace5beebd4f4ac8e4edafa3084c97d63494e5f9516fa9dea740c6c,E:\real\use_code\yoloV8\Experiment\01_同口径消融\input_snapshots\20260909_v1\historical_sources\temperature_curves.csv,cde2d7c7e2ace5beebd4f4ac8e4edafa3084c97d63494e5f9516fa9dea740c6c
