frame_name,left_temp,right_temp,left_x,left_y,right_x,right_y,left_conf,right_conf,left_source,right_source,status,roi_radius
ba455_frame_000000.jpg,33.071991766412665,32.98196162120269,644.65234375,552.9136962890625,517.8129272460938,553.0421142578125,0.9999933242797852,0.9998319149017334,detected,detected,ok,20
ba455_frame_000001.jpg,33.188071329555385,33.052321579185225,641.051025390625,552.1290283203125,514.977294921875,552.2614135742188,0.9999947547912598,0.999806582927704,detected,detected,ok,20
ba455_frame_000002.jpg,33.0425540698997,32.7934401460131,636.7127685546875,554.880615234375,514.4146118164062,555.0543212890625,0.9999914169311525,0.9993010759353638,detected,detected,ok,20
ba455_frame_000003.jpg,32.79264948811033,32.70816422053697,637.941650390625,555.4493408203125,510.5895690917969,555.6279296875,0.9999891519546508,0.9988370537757874,detected,detected,ok,20
ba455_frame_000004.jpg,32.48081652949812,32.6115438180178,636.49755859375,556.07275390625,507.7521362304688,556.2758178710938,0.9999898672103882,0.9974810481071472,detected,detected,ok,20
ba455_frame_000005.jpg,32.437684633482135,32.56630891206365,636.9209594726562,555.0633544921875,508.6427917480469,555.2569580078125,0.9999924898147584,0.998300850391388,detected,detected,ok,20
ba455_frame_000006.jpg,32.49845800973151,32.62299045253527,636.2354736328125,553.2721557617188,507.9385070800781,553.464599609375,0.9999923706054688,0.9983319640159608,detected,detected,ok,20
ba455_frame_000007.jpg,32.71395643709144,32.63105112659291,636.4424438476562,553.6702270507812,508.3289184570313,553.8590087890625,0.9999935626983644,0.9986293315887452,detected,detected,ok,20
ba455_frame_000008.jpg,32.759797908352844,32.70886920741364,636.9196166992188,553.436767578125,507.6922302246094,553.6138916015625,0.9999945163726808,0.9990090131759644,detected,detected,ok,20
ba455_frame_000009.jpg,32.81473773143554,32.79509383611955,636.9195556640625,553.7136840820312,506.69635009765625,553.9195556640625,0.9999953508377076,0.9987202882766724,detected,detected,ok,20
ba455_frame_000010.jpg,32.864741804591496,32.83327467895569,635.65576171875,553.17236328125,506.5196533203125,553.3421630859375,0.9999940395355223,0.9992021918296814,detected,detected,ok,20
ba455_frame_000011.jpg,32.76884667142757,32.760538455682585,635.60302734375,552.7322387695312,507.7531127929688,552.895751953125,0.9999922513961792,0.9995911717414856,detected,detected,ok,20
ba455_frame_000012.jpg,32.29435925416483,32.5004516747218,635.7727661132812,553.9373168945312,506.46240234375,554.19677734375,0.9999830722808838,0.997583508491516,detected,detected,ok,20
ba455_frame_000013.jpg,32.25099911140893,32.38136535583552,633.8189086914062,554.5457153320312,503.1687927246094,554.8194580078125,0.9999785423278807,0.9897049069404602,detected,detected,ok,20
ba455_frame_000014.jpg,32.2129741078199,32.44980648951483,633.8930053710938,553.8544921875,501.23046875,554.119384765625,0.9999806880950928,0.9901216626167296,detected,detected,ok,20
ba455_frame_000015.jpg,32.241678071751295,32.63499741019872,634.3170166015625,553.03369140625,502.9836730957031,553.2784423828125,0.9999819993972778,0.997628390789032,detected,detected,ok,20
ba455_frame_000016.jpg,32.84057920659509,32.85719036572345,633.6591186523438,551.2276611328125,503.2444763183594,551.4519653320312,0.9999788999557496,0.998824656009674,detected,detected,ok,20
ba455_frame_000017.jpg,32.79539397022097,32.81860966905522,633.620361328125,552.1177368164062,504.5050048828125,552.2562866210938,0.9999843835830688,0.9995853304862976,detected,detected,ok,20
ba455_frame_000018.jpg,32.843837027286924,32.85275012892328,634.1175537109375,552.3045654296875,505.1524658203125,552.4432983398438,0.999982476234436,0.9995878338813782,detected,detected,ok,20
ba455_frame_000019.jpg,32.840350353780074,32.909806868211675,634.4075927734375,552.7186889648438,504.9214172363281,552.8719482421875,0.9999829530715942,0.999359667301178,detected,detected,ok,20
ba455_frame_000020.jpg,32.7632537563224,32.97278914249328,635.5026245117188,553.6505737304688,504.93109130859375,553.7990112304688,0.9999808073043824,0.99937504529953,detected,detected,ok,20
ba455_frame_000021.jpg,32.35471529817024,32.49750765530385,634.958984375,554.1198120117188,503.990234375,554.3045654296875,0.9999723434448242,0.9980708956718444,detected,detected,ok,20
ba455_frame_000022.jpg,32.233522496682816,32.46052598804926,635.1898803710938,554.5614624023438,504.9571838378906,554.7393798828125,0.9999709129333496,0.9984960556030272,detected,detected,ok,20
ba455_frame_000023.jpg,32.225736883086704,32.420603942115406,636.170654296875,555.2730102539062,506.7955627441406,555.4808959960938,0.9999682903289796,0.9965157508850098,detected,detected,ok,20
ba455_frame_000024.jpg,32.37362405056158,32.473405260680096,636.5328979492188,555.7955322265625,508.4987182617188,555.983642578125,0.9999743700027466,0.9981718063354492,detected,detected,ok,20
ba455_frame_000025.jpg,32.530434411695175,32.60507963464462,636.7982177734375,556.044189453125,507.2404174804688,556.2300415039062,0.999959111213684,0.9980477094650269,detected,detected,ok,20
ba455_frame_000026.jpg,32.63845695972477,32.75447507063582,636.897705078125,556.2477416992188,506.5779113769531,556.4091186523438,0.999964952468872,0.9989748001098632,detected,detected,ok,20
ba455_frame_000027.jpg,32.724961397010816,32.83673116275076,637.760498046875,556.0027465820312,507.9234008789063,556.12744140625,0.9999728202819824,0.999596893787384,detected,detected,ok,20
ba455_frame_000028.jpg,32.732861412556446,32.863465470817054,637.8956298828125,556.2161254882812,507.8816528320313,556.341796875,0.9999716281890868,0.9995653033256532,detected,detected,ok,20
ba455_frame_000029.jpg,32.70310032444992,32.88454965658618,638.4183349609375,556.878173828125,507.4761047363281,557.020263671875,0.9999626874923706,0.9993209838867188,detected,detected,ok,20
ba455_frame_000030.jpg,32.33026763419767,32.5587373218996,637.8978271484375,556.545166015625,508.908203125,556.7559204101562,0.9999505281448364,0.9961496591567992,detected,detected,ok,20
ba455_frame_000031.jpg,32.23149329939547,32.429592676531065,637.947265625,556.5135498046875,508.8155822753906,556.7359619140625,0.9999465942382812,0.9941719174385072,detected,detected,ok,20
ba455_frame_000032.jpg,32.255649564663955,32.357818367281055,637.33837890625,556.5142822265625,508.54193115234375,556.74609375,0.9999207258224488,0.9918726086616516,detected,detected,ok,20
ba455_frame_000033.jpg,32.42874087704524,32.48555632687923,634.5796508789062,555.7755737304688,509.1934509277344,556.0361328125,0.9999493360519408,0.958088517189026,detected,detected,ok,20
ba455_frame_000034.jpg,32.770801914895955,32.592169984979954,633.160400390625,554.656494140625,507.6307373046875,554.9044799804688,0.9999656677246094,0.9760223031044006,detected,detected,ok,20
ba455_frame_000035.jpg,32.782858608855065,32.62171253971113,633.2037963867188,554.5947265625,507.6727294921875,554.8357543945312,0.999974250793457,0.984219253063202,detected,detected,ok,20
ba455_frame_000036.jpg,32.77970563662348,32.60584275137472,633.3602294921875,554.6180419921875,507.83587646484375,554.86279296875,0.9999690055847168,0.9783278107643129,detected,detected,ok,20
ba455_frame_000037.jpg,32.75484766002984,32.56416755763155,632.9586181640625,553.8241577148438,507.50579833984375,554.0590209960938,0.9999719858169556,0.9872363209724426,detected,detected,ok,20
ba455_frame_000038.jpg,32.3301038779588,32.259581503928715,632.4525146484375,554.9681396484375,509.81243896484375,555.2229614257812,0.999954342842102,0.8164478540420532,detected,detected,ok,20
ba455_frame_000039.jpg,32.173170418637056,32.01748548285105,631.9556274414062,554.5050048828125,511.8552551269531,554.7576904296875,0.9999446868896484,0.6755074262619019,detected,detected,ok,20
ba455_frame_000040.jpg,32.18090392262082,32.06582860775652,631.1898193359375,554.0184936523438,510.2436828613281,554.3157958984375,0.9999505281448364,0.4623059928417206,detected,tracked,tracked_repair,20
ba455_frame_000041.jpg,32.35375049280757,32.1208062631351,630.4129028320312,553.619873046875,508.6321105957031,553.8739013671875,0.9999545812606812,0.743767499923706,detected,detected,ok,20
ba455_frame_000042.jpg,32.44074581288707,32.43668644723327,631.4111328125,552.874267578125,506.1698913574219,553.116943359375,0.9999721050262452,0.9796287417411804,detected,detected,ok,20
ba455_frame_000043.jpg,32.554608322441375,32.781362940762264,633.1084594726562,552.6328125,501.22265625,552.98681640625,0.9999637603759766,0.9881425499916076,detected,detected,ok,20
ba455_frame_000044.jpg,32.62768374886795,32.777886627706884,632.1347045898438,551.0712280273438,503.3406372070313,551.301513671875,0.999967098236084,0.9888638257980348,detected,detected,ok,20
ba455_frame_000045.jpg,32.65574787662572,32.70885145355173,632.7640991210938,551.1646118164062,504.5525207519531,551.38671875,0.9999711513519288,0.9926077127456664,detected,detected,ok,20
ba455_frame_000046.jpg,32.41706592368525,32.53490864082648,632.3636474609375,551.5130004882812,503.73089599609375,551.7457885742188,0.9999715089797974,0.9887036681175232,detected,detected,ok,20
ba455_frame_000047.jpg,32.17362023574427,32.248195386979845,632.078369140625,550.482666015625,504.73779296875,550.7164916992188,0.9999608993530272,0.9896560907363892,detected,detected,ok,20
ba455_frame_000048.jpg,32.1187902933073,32.16476102468036,630.4168090820312,548.951904296875,504.5171508789063,549.1922607421875,0.999971866607666,0.9855217933654784,detected,detected,ok,20
ba455_frame_000049.jpg,32.13659712661634,32.17608935925822,629.4730834960938,548.3137817382812,504.1513366699219,548.54638671875,0.999971866607666,0.9917102456092834,detected,detected,ok,20
ba455_frame_000050.jpg,32.529125134209714,32.41795459132223,628.5112915039062,547.3555297851562,501.3238525390625,547.5870361328125,0.9999792575836182,0.9893810749053956,detected,detected,ok,20
ba455_frame_000051.jpg,32.539859390398405,32.49073652991634,629.173828125,547.1990966796875,501.5670166015625,547.4298706054688,0.9999784231185912,0.9875494241714478,detected,detected,ok,20
ba455_frame_000052.jpg,32.57702497848023,32.488087602086985,628.8843994140625,546.7113037109375,502.532470703125,546.9424438476562,0.9999786615371704,0.9895853400230408,detected,detected,ok,20
ba455_frame_000053.jpg,32.60006961977491,32.56211911218623,628.0083618164062,546.9024658203125,502.362060546875,547.138671875,0.9999774694442748,0.984987199306488,detected,detected,ok,20
ba455_frame_000054.jpg,32.605618214806746,32.557217445220665,629.577880859375,547.5341186523438,500.9140319824219,547.7457275390625,0.9999741315841676,0.9953668117523192,detected,detected,ok,20
ba455_frame_000055.jpg,32.25995767975126,32.41652461093941,629.3848266601562,547.7745971679688,501.3790893554688,548.0155639648438,0.9999457597732544,0.9796901941299438,detected,detected,ok,20
ba455_frame_000056.jpg,32.208142824299,32.24629186922624,628.7963256835938,548.7735595703125,500.7554016113281,549.0194091796875,0.999950647354126,0.9718011617660522,detected,detected,ok,20
ba455_frame_000057.jpg,32.24447745325461,32.2116204119453,629.1166381835938,549.5439453125,499.3001403808594,549.790283203125,0.9999173879623412,0.8391456604003906,detected,detected,ok,20
ba455_frame_000058.jpg,32.23686534655266,32.30345474682084,628.3068237304688,548.904541015625,498.0167541503906,549.1690673828125,0.999919056892395,0.9396512508392334,detected,detected,ok,20
ba455_frame_000059.jpg,32.47674913802291,32.46834984805383,628.5798950195312,548.3056640625,497.1756591796875,548.5670166015625,0.9999456405639648,0.9624022841453552,detected,detected,ok,20
ba455_frame_000060.jpg,32.53435136196916,32.600033384436095,628.5891723632812,548.0973510742188,496.5046997070313,548.3571166992188,0.9999477863311768,0.975403904914856,detected,detected,ok,20
ba455_frame_000061.jpg,32.61286200453393,32.67027424412611,629.4910888671875,547.8358154296875,496.8983459472656,548.0942993164062,0.999953031539917,0.9829480051994324,detected,detected,ok,20
ba455_frame_000062.jpg,32.65454353494312,32.72839841677824,630.1248168945312,547.4928588867188,496.6511840820313,547.7465209960938,0.9999619722366332,0.9888712763786316,detected,detected,ok,20
ba455_frame_000063.jpg,32.598590923198294,32.762054656205216,630.6424560546875,547.96630859375,496.6219482421875,548.2247314453125,0.9999498128890992,0.967924952507019,detected,detected,ok,20
ba455_frame_000064.jpg,32.249968329576305,32.32099544626556,629.8385620117188,547.5629272460938,499.6377868652344,547.7792358398438,0.99987530708313,0.6520307660102844,detected,detected,ok,20
ba455_frame_000065.jpg,32.140463656132056,32.25249698250418,628.9664306640625,546.3234252929688,500.0856628417969,546.5550842285156,0.999862790107727,0.116770751774311,detected,opposite_inferred,opposite_inferred_repair,20
ba455_frame_000066.jpg,32.158818164485126,32.19723768716343,628.372802734375,548.4772338867188,499.4920349121094,548.7088928222656,0.999840259552002,0.0804878249764442,detected,opposite_inferred,opposite_inferred_repair,20
ba455_frame_000067.jpg,32.22024152490497,32.29880651926027,626.732421875,548.2061157226562,497.8516540527344,548.4377746582031,0.9998631477355956,0.1836322993040084,detected,opposite_inferred,opposite_inferred_repair,20
ba455_frame_000068.jpg,32.756567612409576,32.54249213236707,621.0026245117188,547.4127197265625,492.1218566894531,547.6443786621094,0.999881625175476,0.0845946297049522,detected,opposite_inferred,opposite_inferred_repair,20
ba455_frame_000069.jpg,32.75600287473113,32.64080884705435,619.2075805664062,546.7109375,490.3268127441406,546.9425964355469,0.9999047517776488,0.1657516211271286,detected,opposite_inferred,opposite_inferred_repair,20
ba455_frame_000070.jpg,32.74908633399105,32.62508792575448,618.6614379882812,547.20654296875,489.7806701660156,547.4382019042969,0.9998910427093506,0.160007819533348,detected,opposite_inferred,opposite_inferred_repair,20
ba455_frame_000071.jpg,32.74288620430111,32.60888150206072,618.744140625,546.654296875,489.8633728027344,546.8859558105469,0.9999213218688964,0.3579772412776947,detected,opposite_inferred,opposite_inferred_repair,20
ba455_frame_000072.jpg,32.338197796662655,32.42775850650964,619.1652221679688,546.4170532226562,490.2844543457031,546.6487121582031,0.9998438358306884,0.0500231981277465,detected,opposite_inferred,opposite_inferred_repair,20
ba455_frame_000073.jpg,32.33573996828188,32.415609612528506,618.4310302734375,547.3101806640625,489.5502624511719,547.5418395996094,0.9998613595962524,0.0544567629694938,detected,opposite_inferred,opposite_inferred_repair,20
ba455_frame_000074.jpg,32.32129210571004,32.43935267914142,618.24169921875,548.0384521484375,489.3609313964844,548.2701110839844,0.9998966455459596,0.1306212842464447,detected,opposite_inferred,opposite_inferred_repair,20
ba455_frame_000075.jpg,32.62111049707731,32.52958939164667,616.7504272460938,546.9926147460938,487.8696594238281,547.2242736816406,0.9999105930328368,0.3551874756813049,detected,opposite_inferred,opposite_inferred_repair,20
ba455_frame_000076.jpg,32.69183152162167,32.73139714147981,617.8121948242188,546.9959106445312,485.81256103515625,547.3027954101562,0.9999401569366456,0.8914041519165039,detected,detected,ok,20
ba455_frame_000077.jpg,32.732485053296635,32.75400841422714,616.83251953125,546.895263671875,486.5270080566406,547.2015991210938,0.9999356269836426,0.8699962496757507,detected,detected,ok,20
ba455_frame_000078.jpg,32.78824252428843,32.703754466851535,617.0306396484375,544.4364013671875,491.5430603027344,544.69775390625,0.9999693632125854,0.953277349472046,detected,detected,ok,20
ba455_frame_000079.jpg,32.72111545106104,32.64839003456336,617.4367065429688,544.0791015625,491.1037292480469,544.3291625976562,0.9999719858169556,0.9790278077125548,detected,detected,ok,20
ba455_frame_000080.jpg,32.5343297871867,32.511251800659174,617.5257568359375,544.0648803710938,490.8287048339844,544.325439453125,0.9999579191207886,0.952100932598114,detected,detected,ok,20
ba455_frame_000081.jpg,32.417687659601945,32.453988833404814,616.4834594726562,543.9920654296875,489.1205749511719,544.2564697265625,0.999963402748108,0.9274957180023192,detected,detected,ok,20
ba455_frame_000082.jpg,32.39614223792556,32.45853848705168,615.32763671875,544.3619995117188,484.2927856445313,544.7239379882812,0.9999562501907348,0.9866541028022766,detected,detected,ok,20
ba455_frame_000083.jpg,32.41163430073683,32.52463890641224,615.0420532226562,544.2691650390625,484.1384887695313,544.636474609375,0.9999570846557616,0.9858167171478271,detected,detected,ok,20
ba455_frame_000084.jpg,32.957749758368706,32.71505663195229,613.7338256835938,542.8701171875,486.1438903808594,543.1045532226562,0.999982476234436,0.9933411478996276,detected,detected,ok,20
ba455_frame_000085.jpg,32.90126438342848,32.809410197503674,615.0853271484375,541.2550659179688,484.043212890625,541.4771728515625,0.9999873638153076,0.9973996877670288,detected,detected,ok,20
ba455_frame_000086.jpg,32.891351237215424,32.77540019520506,614.785888671875,540.7655029296875,484.7506408691406,540.9818115234375,0.999987244606018,0.998381495475769,detected,detected,ok,20
ba455_frame_000087.jpg,32.86039111252255,32.73598755929107,614.9453735351562,540.7106323242188,484.80169677734375,540.9210815429688,0.9999902248382568,0.9988641738891602,detected,detected,ok,20
ba455_frame_000088.jpg,32.76179878440949,32.687943807128086,615.8546752929688,539.878662109375,485.2773132324219,540.0786743164062,0.9999884366989136,0.9991311430931092,detected,detected,ok,20
