target_index,source_frame_index,sha256
0,0,713a0e7c49c890402b4fe672f0930f9c41333442498b7d0c4a5d9e78df25f789
1,1,f687ccf65d24fc67447cfef0c1ac6ff37112adf78ad6e804ce3f0d886dbf1757
2,1,f687ccf65d24fc67447cfef0c1ac6ff37112adf78ad6e804ce3f0d886dbf1757
3,2,5764e89f9d19f12e77078a55823bcdee2d6fb1b12d12a6f9dc5c2220af0ff04b
4,3,0d8a037da74d5dff4619ea103774f1e01a49ab8fcbb1cd8b87b300486d4e2970
5,4,827e5d59119c7cfbe05d340cf7c5bea92937f107a8a6e41c0983407a7ba15140
6,5,1b56903211979a414a9e003b02fbb78d346f758e1b06a067015d66ddb9b6f8ca
7,6,499771d163090c33fd6bc1e506d7f463583b592a145335e611c444e5f7242fb1
8,7,c69c5dad004d70f67fbe24db127e6f4056da5d9bb5796bd0375ab5a33672e644
9,8,e3b148cd030bda40548f6df73f7727f1268dc2049a329b63bfced2d8a076fc1c
10,9,e25acac91fbb91e1f54afed8bd913adb35ee293dfd1a39e34d620edad4752340
11,10,1fd818f3f32837a786062863cb28804a4ece93ba2d66dac41bcc92dd1c97458c
12,11,b2fa78e1de963e827f227add0df4e013b228becbb78e0c05313f5491f6feb690
13,12,79a4a469953d585550d04b45648db42dc5723aa7127c31cc7fbd2e628c5872ea
14,14,41c9dabace951e3ea76a99dc403056ee80cf9af56a832d5937bc0601341c1356
15,15,aa21a06ee0fd1c1a56fb8621edbcede8899e4975b9fe85c0f1f9f276b034c24c
16,16,a350baa2f2cb7d3f1cf8354c7f53de65bb3bdf99184fc102fb68c093c4da7953
17,17,3d02ff770478448157a16138d67c4f7fefb0c8fdd7b811d82e6d4d6a92150f91
18,17,3d02ff770478448157a16138d67c4f7fefb0c8fdd7b811d82e6d4d6a92150f91
19,19,71287973453dc63470b478eef4a0d0852eb0c5705d6569c2087208b4793cefe6
20,20,26b9249f8c83ce7d1914098a71806bcd20060183d2c939b5dcec4865a5cb57e5
21,21,763f82d9805fd5a4c05e927e8db87d12e5519d1178a5dede901a9f9f757f90f3
22,21,763f82d9805fd5a4c05e927e8db87d12e5519d1178a5dede901a9f9f757f90f3
23,23,e4cd76d944a8bbbc2e43cde9a007a3f521c576e767d95565257727559125712d
24,24,9a4cffd32497911f44a64fb4c7e67c4407ebb12aacacaf08f31fb7b0801a94f0
25,25,154c429d0ca481c05d77fa27231fda7cd3859d522904fb4b305abbf611db061f
26,26,9cbca7617cce7b8ebd18b6dc73998598b63a51c277696df2cfa4875a94e7f24b
27,27,408f0815111914d36696e0a12cd843cd873c1cb4d1bf22aa9f3f73795f0967e9
28,27,408f0815111914d36696e0a12cd843cd873c1cb4d1bf22aa9f3f73795f0967e9
29,28,99b784e5bf6dcbede9515857fb6f8bf46969a22c1eb456a610a99d977a02c662
30,29,e2fe09529fca73e0be5b6e8dd67816dfa1276c2124e4c84ca6439231ed782d4f
31,30,381fd7c1a1915b2297ef15ef847c9ae7452392b4e8ce9cae2e9fd446bb3d3af6
32,31,3e89060734a62d78da64a8435fa1a5a906978480ec791e0c43c6facf4eb4d81e
33,32,19dcdf8c01afd9aee9069445659bd2e39c64c22eeee23d065310594c49801db4
34,34,dd65a4e35d2b3f7c409e2f9d63d853aea9d4d6cdaddaffdaf79b04bd39e25676
35,35,f725174a46fbd7cbb066669d8822ce024c9dca5f1820f48aca36e0058bd642c7
36,36,44294f42570b01e788cfe872d734d25d72bb311776348ca1c9948ef30779f52d
37,37,6b4db4d6c8a6149af1acc0df3d62765b886c8169de6c2500b6b8b8265cc4bd72
38,38,5c3e1e2dca972c396915d7a6b25c3e8aeabcc2b7f86ebd57e036c749bb55a83d
39,39,4b774ecccb1de9fbca04cc0e0e1cc5e35b70358a5c04249ebc59dcd3b56bfd86
40,40,68a702f2b7f8aee44c57d772b142f0018460c2e964b35f7e0ed1b4e5d5d68395
41,41,47500ccc380d7ea49e5752a5ba5617da8b43d513943c7084c57ba550ee8f7447
42,42,4604c34cfb61cc321a7b7cfeb088418395dd41976e71d83519d5771acadfddcd
43,43,90ab73279be4a1e713fb7836913a080355bde3012d1f1cc314a4dba304c994bd
44,44,85d59c782b2a03ee40a52541d4b5c41a958428db16c510fb145854c41b84a530
45,45,432b77d4e01fedafb5935e34fc1866ea47fe5903e4e4309a0a26b6ed77af29ec
46,46,345613332d8cb7744c1f77ae5ca7172069b62c5d57144aea68d1cb3101f21ca6
47,47,0206dd11361005adfe7880601b73ab9ae23351c178889f6ac20bf28882bf4490
48,48,7cc5cdf837c25f213f25ec1c1543cf394d91e3b4d2011d457c1089f09f460d95
49,49,eb8b7a19f1a8051203b0d7ba645bc7e81d4bcdbc34626d283a4db8ef71788c84
50,50,a64a33e1d8c828973de4f62244b10be95fb141dcf18101379f257dcd94ab6506
51,51,d6f41ac2d1faff7acc502bae458f74e82c9968419dadfeb6418a1a2ec387479c
52,52,8a1d1c94c9ad48ad78ecae1f4ceb964b2610b493c6eea97ec29223518ae510e0
53,53,e3635b3b3485c9d53c73bc93d016d11c8e0e390f317483bde450fefef34dafec
54,54,db6e17b355edb90ad4ee9881a88d126ea9aa554be043f0f5522a9d523e48c15e
55,55,214fa789293d3c730eebd09a029760146068df5718549a20de55a6e37361dc09
56,56,cf34a26ba3db2906502efe45be8b1b81d50126f0742dda6e0e412e6172e38cf4
57,57,722a7e75c9f5deda1dbdd479d3d510bd0683a7fdaaa5b80935191ba4ab24c82a
58,58,e7573590e20065aef27ac778bd3a9b83fb82f42f7a54c96946c06bbc568dfbe9
59,59,99a8518f1e2513af0ade22b6fddf70a0e63ad20b206a362e93f0b69a3286df3d
60,61,5c6e076bfcc64d83223ae5ae292075b3a6d513e18f74c7d36eb50fdd19fb68e0
61,62,f1bad95686d1e187a91012ba289b160d859152c25fbde791530b6b9c4c99821f
62,62,f1bad95686d1e187a91012ba289b160d859152c25fbde791530b6b9c4c99821f
63,63,d01ba040aa72e740e6043639f1adb2246da819abd506186793f3139bb9fb33ec
64,64,a3291f2a1da5f79049efcf3dc829a2af1d45dd22854da8d3d5f5489f60b8d41d
65,66,5e58a9df07f376bf82d0cf494a62115c5d155453242e38275430f8a590293ef1
66,66,5e58a9df07f376bf82d0cf494a62115c5d155453242e38275430f8a590293ef1
67,67,37bb3484c0ce27591e1c16def37351ffb53186bb8c67d89e1e0f0f1fcf959b01
68,68,89ef5cfaef99695701fd76864885da129cae5457f26dff848819a9a67a9ef170
69,69,bb015408c1d2248b396c13d358405c31c41bef413e84b0752038670f5bf5ef0c
70,70,987ec522606d38a269fa5eafb7a101ac7a3088a726b6a320dc56287bc6c7a9b5
71,71,f6b8176fb4137cf5f63bc48d75ecb39ba32a646ebf39775da969c690c3d01c44
72,72,0f958988ec9b2512265c570871ab8e8dbb7dc6c043ed769d6899132b6d4752c8
73,73,b15050a0a9048af0a8a11206aa42d15d03f47142b69c91a9312b63a17b56cf2f
74,74,5b66bdbef672bd7a6c26d4c8c4d5ecd51b7f6b7f481d575d4f272a6c6b48dac3
75,75,bc383aea9baa3477382a803c82a08c175aae718e60353b763875744137ab26da
76,77,1e878e6a8b79cd855575ae889130dd40afae6b44a52e82a968f9066f4e61776b
77,77,1e878e6a8b79cd855575ae889130dd40afae6b44a52e82a968f9066f4e61776b
78,78,410fdaca0c41c60af437bef060c88f251d90bca803b7c09c45b98a212ef19603
79,80,228580d3d63f07d9a81976a13c38c959b5afba6ed2bee570cb1f424556f25385
80,80,228580d3d63f07d9a81976a13c38c959b5afba6ed2bee570cb1f424556f25385
81,81,6e5ad1bfff667cd96225af8832f21e6b046b089edd3f1573dbc4fed76dbb31aa
82,82,98b18f3ddc222e19af853ee1b1cadc458449c212334aacca26362463be9c07ae
83,83,e421cd10523b3afc1065eeb207df774ffc5465449e7cb7620b92a4c583807ab3
84,84,9eac4311c44cb1c29a7ba12fe0f71a9e393020ea16356cf0dfe6ceabe667ec8b
85,85,d40631b1ecf5414644fc7673e385671ccd79b7bc6862950f599edc8873088033
86,86,d80fc1c5a006dc7a4510ad16ad8967405885cd8089b0b8c359e1376269a47f93
87,87,bf7e7e4cee94c8a787c54d6dd6f217c74e8f1d6864436d52067790f765625ab2
88,88,e37ca28b17372900ee16d54cbafc6ff7ab8106651df3a62d11039f256bd1e590
89,89,26aef741ba7008a2353a2f927cd68f85978ca4b24a758f6efc0290639b050d17
90,90,61bf42742bd7a595018a58d4845005e7221c52e5d110af536923d11bfe3de4fa
91,91,010ab4ea5ac386066b7abc7ed88db8cb976a8e0eaa7dbca96b58fd852888bb0b
92,92,99d0a07eaaf3b55cceca426fd0f0c604efcbc8519f1e1a9d80d5c74c04b8f486
93,93,45c0927e2ec4e6388bb238afa231954e88388786618927cdd4e7f09b4b48483b
94,94,087029b33ba95dfb007546b2f205eba6754430b0f62664f1ec0804ce797146fa
95,95,c6bc2ceaaf48e7b2da01fa8d016ab1f2ea484a3e5f03f33fb9980a090fc5dc23
96,96,0a363d4989a30e26da3dc4cd7d8b88a6d1aa3924febfabb3ffa39022161e3899
97,97,7c4625ad35636a67cf5081e2f417b24be5c5b422eb98ad3104816c1b5b176c40
98,98,626670431b480600ad355fe7b549f222809be1370e788f7075f5aaaee3b8f84b
99,99,f6b6b65d98127bbc834dbaaf61f15bc1008553b65c628ac362ffe0ceb28364de
100,101,6f1c8091f5d8cee1a725723b3380a35c5db3cc3afb7924a3258ecc6955110496
101,101,6f1c8091f5d8cee1a725723b3380a35c5db3cc3afb7924a3258ecc6955110496
102,102,00756c9d3da25ae7160fd6ff1d0761ea528d5c66821fb6d0042fac7312ddd1ba
103,103,ea85fd494561effe27ea664d5fb2ddda3c97f7d9cba7b333c027e4da2a08aa45
104,104,caa83226280c59ef1443931cbc8d89af3214ec80fa6c90810e7eb189ca3c3e81
105,106,182a0d967d548f638dcd143e0f9102d5a45216618ef688e8846efed85b08e96f
106,107,31f88cc03bd41f10ab6330886f75ab9dd34fd0f07be8ada0a59c14cc685b6d67
107,108,3c7358e383e1983174a6cf6024d4381ca0a99ede2196d7d1a5dffdeb2dee5b9b
108,109,cd85bd2bf9040ff5c32622dbebf73460c3be9965e8f76530aeebc39fc84dca15
109,109,cd85bd2bf9040ff5c32622dbebf73460c3be9965e8f76530aeebc39fc84dca15
110,110,9e9197ed7cb03d4aedc18ed315914f897e38c074ea7e5ff7974df4d7553940bf
111,111,32dee22fc359a66819a336b00ad59e47bc392094b81bfe7981ca0e37cd183b8b
112,113,dc57c86a7f0261c476169d29aedde3756ce21cb4662019c76501e11271252d1f
113,114,bb1ec3587e42d98a7d526e01a5f8075c108d77664a17fdf59c0635a24c82d564
114,114,bb1ec3587e42d98a7d526e01a5f8075c108d77664a17fdf59c0635a24c82d564
115,115,d0ece2d5e5e5664a839d2e690bfcb98834858e40e65747ca94d2285710d31f09
116,116,ec513e4ec5a0aff00c0d5c520cbb113f72db49cbcb8b07b2a5790c36d5d245cd
117,117,308a1861f98f6694f301a50076c837c885be71283fee309c1d0f88ac44ad901a
118,118,60feeab7ce6aa3aafb03eb8abd84d14f934129d99f9b3cfebe368bc8e513fc73
119,119,a3ffeba632f3dd9f1eb1a0692c4ad65a24940cfa15a98fe7ad2097cb5c2b79d6
120,120,2ecc864af82a255233c54d51b2efb2181bcc63ad2d9dfcc8cc4f112733f030c5
121,121,2bd94a6517fcaabff4fb8aa4ce81064ea397a0e08c122997199974bcecb2bacb
122,123,3b1c2defc918ceff1389625164c207a9f6ebfb6940f15c73577f6d0caa0589b8
123,124,59d7461ba255b517abe0c917d6bf19bb71749987b76444c7ade46c208254a661
124,124,59d7461ba255b517abe0c917d6bf19bb71749987b76444c7ade46c208254a661
125,125,ae36a8f37e25723ba715c122a600ec9842e868f3c8ea18ee5ff1f2c96533c411
126,126,a3dc40e625a97451424300fb1da99ab0fe083c318d7aebdd156cccd8b93c276c
127,127,d06706616855190f7777de5e6d8d5eb1ec9af436082280d6015b125cb944b6fc
128,128,3b94292ff0a5c1b9251130da4fd1cf04c6e7ac560417f9635ba21a387ddf99c5
129,129,1abd7e85578715b77a5262bb264acb65832bac3e816428a5dc2c7875c246ca88
130,131,3b65675298b3df435b27ac6cd577ae2ff071c4f0241bf2054a195603400cb502
131,131,3b65675298b3df435b27ac6cd577ae2ff071c4f0241bf2054a195603400cb502
132,132,633e0600fe5dabd0a10559791b1a064aba59c16054521f948084a654614af7fc
133,133,b798ed224e9e054a87095309b0b6e3a6e6d24406b1a473a2a63bcba04f15041f
134,135,84f9f4c0b3600297b63b391a0b5d562154f59a3f4f89dc559eeaf65bb5adcbdb
135,136,bb162ee3ea94a0bc500b5d8bf3d5e320853d8e2206cc854af204ca3658289985
136,137,e920eee54a1c443a7111d9bc595c8418d68c8657a05d84f64656c49d876587a6
137,138,bb9cc15af3f5103c2a1ec4295deacf33bed73f49168f4deeaee54bbca9243511
138,139,1ff2bcc49c8fa67b936e66ce12dfa52aab8909b15e7a5be0111c67f874a128ad
139,139,1ff2bcc49c8fa67b936e66ce12dfa52aab8909b15e7a5be0111c67f874a128ad
140,141,9c33e6e1cdb1d4437a5cf40470cb7cf59d98faf5b45898512ef84ad21ca1c33b
141,142,f1dd0068fcdb81866765dee91a9baf0307e11a76f3de2fa4901aade29efefe9b
142,142,f1dd0068fcdb81866765dee91a9baf0307e11a76f3de2fa4901aade29efefe9b
143,143,d25ad470e5df706a1f3704a8445947465ffd56cebc0f1807c5eef0c0db07d680
144,144,caa5ad960e2554012c1205482609b69acbe322c75406db9fa9df1ce1850737f3
145,145,4c043209d53453b27664dc96377ee8c8ac91ee11ba98c790c07fc8f9e01780bf
146,146,ae361cc6d718487037d113546e688cd4e7a1302f488f81cc1060c97440854714
147,147,b92639b55f80ebd9e7b92e0b2a524bb4a73b9c546a7dc40a5bac4ecfecbaad5a
148,149,4f8adf0081f83c4b4e9922d799af486a30a97cc720e2c4993035c23c3ccb8a57
149,150,2622f65872fbc6534b8c7533d0e2169527a431d6ecc66d8c0e1dbd635e31a394
150,150,2622f65872fbc6534b8c7533d0e2169527a431d6ecc66d8c0e1dbd635e31a394
151,152,f8ade973777c8fb2c53a772e0995ea7c569fdb97e96bec71b28976dfb8c6c663
152,153,9067d09b4ff9d924c960d33c529ed7585f16fb2b14a825881f603cf39dbba319
153,154,c1585e5831d2047d913783467eaa46417f15678390d41bb9e0f6b99949940599
154,155,3ea45e6f75577ad70e4d68c2675570aaf094d647935f2ecb97c5e9c6410bf7a2
155,156,3bc44453bf1942bd91e45a4c4ed8c3b45223e3aa8d56c6f5592923f1e6ef702e
156,157,78cad4926a3c738d6a2144396ec14fe593eeb945ff02e40feb7004bf208c2b3d
157,158,abc4ac4489cde7e7e076f08676492a5f9866c1c44be2002da3b1409b5c56d905
158,159,ddcbb51154d775505ca502faf58e3709debcf03855e9af48ca9581738f7f744e
159,160,63c8fad59cda66fff56525d97857a9775a406da64f2f68e8e3d423d14264845e
160,161,b03a24f32ce23d1c0216e13e1805e91dcfb3fb398e2c1ad366d93eee7b9717ad
161,162,ed38a98a45382c03b77a704116653d8d28c1979e3d36b3a24be216d3a6b47b9b
162,163,64ced0a78603dd977cc4aafa7ad9ffc909be0bab36714064da419b1a25327f67
163,164,c34d191fa5c833147bd9d13d6a7c743cd9c09ece4b837a83fdba2dd24021c209
164,165,a98ccd9f8c6809e8fe90703e560a4d02cafb46645f01901b3515e76e28ce3169
165,166,e06c7baf7b2511405bd77dac0f8c72dc28bb984b15e2e3dd49cdd9e1ba7b981d
166,167,a3f16fdd0c02af096dd9deb8d5ff6dfb58582cc4ec832aa86ff77651753686dc
167,168,b7d261f9b4e3b970fb2fcff9dcc4f98d5f7c19776586971207ec4aac9e5bd638
168,169,845e5a3b87ecfc3b56b54002a1834e3c4b5d41fa0cd6fa446e73c22ede7d26d0
169,170,d91d5ca34d5a60de6239246d972ae1f3f0ffa545b1d3e726b085c6963cc6cb78
170,171,30c8647accc01b6906d5cb8448f478b7b3a4fc5375509ff04b81148601a35208
171,172,5752bbb6af62048c4ce0a476432d63e6da5a4fcdd4c6037ee6e02f9a99ee6d35
172,173,546f1dc36eb7ea24e3e109076c47a1b11a7d3735af87962068ccba56ee05eaf0
173,174,19c8e22217195e5b3a8ff559186312cdaa319310bd603d817217122562ebe734
174,175,1a9d218f7fcb8483f9a85311620785928bfb707698ff905a3c838d6a3cedbf02
175,176,02c4303d5b6c3ef5a92584ec785489fa6231e30e4a91fde4c0272e4b273cc227
176,177,94e2d1e2c5943361ac42cdc205cd963fca5b005744e3af72246ba5c3567c8b91
177,178,67560f318c001f8e8d0361c04e7f1cae3bff47e0f422c6b8f63c0cce7177e8a8
178,179,036835f2bd2acc18670282bc9c6221172a87cdbb84358e55c9fa1717caf9c590
179,180,668bff2db8b3d4471c27d6766642543c6268f6663bbdb90cee218fd1400c1c59
180,181,6a1a9d2e532f40c786f6b23cac0433a686537cc649619bca787fb59a6ed2e495
181,182,6741c85817555b101dc0a7a9c15d2d1512273af1af75218ada3ff60cb609ee19
182,183,2a2257bd684358acb2372b3fd6ff88dc5391841662ff40b01e8a4ff5d9d7dcc7
183,184,da63c95d175d33bb3a016ecdef4263b65db37cc2c2ff442b09d58e820c967a72
184,185,dbfa39cb3592a5a6ce4544e1bcaa0bdcc2c3a63b760c6bea531eee4ac9a3c593
185,187,5e238c31b57cd9262d93b9a186d14064f9561764c1d8842ba81e987a9079d687
186,187,5e238c31b57cd9262d93b9a186d14064f9561764c1d8842ba81e987a9079d687
187,188,25959a2d95f08207a3a35b9956d53db72de7e46414df3fd32bd48a834b0fa4e9
188,189,f8c5cb8a826a68572fb98683ce4b27ae4c9a9eb51bb4b49315ad4deb11ecf0df
189,190,e7e4884bc33b0b701dc95efb6d6b050acb035abb11033a3373e6854c4660953c
190,191,d75f0e699289f822b096ce2bae86b6a29ec34d1e7cccc0e580a532feb8e3a107
191,192,06c8f9906f7fecdf726911b1000caa8f6acba54109ca42926ac7900ed65b7063
192,193,0b99e202f391c40dde17b795e0600ff61f2464606cb6ef39a5d8d34869297f38
193,194,9a7698e433eabf076207252098d93de380917c1a2404739ad66acf9eaf287d0e
194,195,7fc30ad92ae68be255283a2a613346d45d2994879c994f2a2e47f297f7e3129d
195,196,8df84768a59b50fbc796b5ae567495d7f3e356d09a77e8f4e94ac43687f2b315
196,197,fa392dc987878ecd75dfbe7836bb94f173266cb0cda3e4ee03cffe3a9e8e40a9
197,198,aa7e597bf9edc0cea01ecdf3e1e79e44e83829ba988fe34cd0468756819d40ad
198,199,9feb0c303a791cffe42bf536030f0e262530624cbe730f22242a08ea0104262b
199,200,1e2072829d2f3bde4e2d6ede36013f4fd55558b907633cc5d8d558c9cb43208d
200,201,21b8be0d64ba1c7300bb584ae4d6deac2e3d7b238fdce328b1898bc726b4a20f
201,202,ec54b04569b1072f49886321661a06dcbe7e6c8a9ad9a8a43a286836729aa350
202,203,43c5d10bf44e358e99a374c5b4d2af93f8c43a7d0a1d944c40e5d0c2a5129f7b
203,204,fb3959370d52288e44784d0afde432c789b2e0e496e149e8f99573296dfc7f2f
204,205,0224d55856f54aa99926fe7dd467637225e2b955934c31a18f25b8155a82e0bf
205,206,ca2a60685dc7d1e0a53ea990a3e95324d019e7c84be0595b7de10c4b0c4982b1
206,207,f8678db759ca2247b2284dd8dd0370f589d69315b166d64cebaf1afbc511cda5
207,208,33e9ba3846a4ef9885363b3400e3e8c547ec1d98ab965f05029759c252d5ee4c
208,209,72d5ebc8034dd56653432146047a7e71744ee16e6982bb10b5e2f15e97bcd61c
209,210,f8445c430d52d6949b737a7db6638f04566ad878221d23060e1d708765ddffea
210,211,e7643f55f0fd9a8ab7e924ed4ecd54e8d2b98160b9874b406616de725d69c0f0
211,212,f687a3b8accf50074a07e34ec14902b04c3f2e0979b1d61db4670ad9b5384c92
212,213,a7d21d743e01e097bbe4467a2736a539529b4dcc1398564774362d11a98d7102
213,214,224df8b8eea07065faef94c829c9864cdf2ee06ed5e30dc7cf21dd0ecde6833a
214,215,6085cf22cbd53135d6143b8d809870911ac09fa9fbb712c309d55a664a995753
215,216,e3b1ad0f6f95519f5574a7ca625fa55022fcd000c209ec93e52b25d3bf4fcdd4
216,217,ece4107402c26a331eb55e0516e156831830ad2e988c3094489b94f1d5553cef
217,218,0a078b00084482eca19495e4675f903080fd50a7fac48267271f1af5054ae6e1
218,220,9548814d2fd17dc2fa38b8f435c642c5c63310045b7b3a4d1df63e1623aa40a1
219,221,0bc9d1ea84fd30c94e1e22994d3716074bad9b892ffaff4973c8f98fb0979577
220,222,bd01bfe2de68d4355c9f6ea86cb694d1b7a36f6a308646ecbb81e92fbffe41d5
221,223,dd502673c5d8d1833793830787ce1c06ff8399dcd19e4e40b92cc5a08026860d
222,223,dd502673c5d8d1833793830787ce1c06ff8399dcd19e4e40b92cc5a08026860d
223,224,9c623da56bb3d48ede3c7930311deda55383a13c95fff560d2b088baf6a0b02a
224,225,12b6579668618b0c8c5fd544504b6666accbeb0f01f823e15ab104afdd207653
225,226,a11875399dd9728fd29b6f4b3f2ae32b461805f1aa51235e9e5bb58284f40d1f
226,227,1ff82d56b161981a568ac41829379c22030720551f4e4896d8b34a81fd1d2365
227,228,5c4292c397239b645565184045ae0c8233edde529820678f35211b8b1dae52b9
228,229,84cfc4fdc72f688128269f717fdbe6cade897d853bb3179e01c8447c0a6a667c
229,230,f94bef89b557cf4b234eb40f1567900d936420a13e7b5f53dc4ed270831a6699
230,231,c3f174777e6c71360f3b9fd0ddb741d262c49769e316b9cfbe32e5b44c2f44ce
231,232,30f54744a6c3140b2e9ecb0b7a74b965112c0cf9720c40d824f57181b837a81f
232,233,59d17e1837be1ae48365f76541831dcda462da4243854143bbb6f19e2c368026
233,234,5c6928186fbba51d320488e8f7aca989381a1317d6374bfcacc02420d40e3923
234,235,ba7a0b9d9749dc837ab19ac63f550b5ea0c408e219245032bec196e1539bc44c
235,236,e72de473044a25cd8e4bb5d979a5a55ea4fcf317e1ae2d565a316a88b7097aa4
236,237,7b7e8c8576f350d1d6e09dc0b552c1f2f5b78566890e3230677b973b6f374aa2
237,239,de40733cab3eeacb979314ff5510f1f907b7ddd2b667e15c78db75cc6c8b6196
238,240,13c20f22b30af8d4bc3c1e316c44dfc92fb6a84fd2ff933abc69b3cf81f5f7ee
239,240,13c20f22b30af8d4bc3c1e316c44dfc92fb6a84fd2ff933abc69b3cf81f5f7ee
240,241,01368d8e54ef9e6a9d8f40e85dd52ae2514142e9f885c3b07eafae9c92239274
241,242,26da1364d4e2243bb39b4e4d75a764e97b0ce518f39fbe9cc8a5f5651bdefa29
242,244,81a76434c58d7efaf619b710e56a2ed80319afab4f48158360e0b023ccd89337
243,245,61553261a09c8d80221dcfd50c1c97580ed6ea23d7351e011b5e0063ee5022d1
244,246,85e1d8b96208728bef1919067a0f80233bd89d0d4487e3f8f704e77cb9ae1375
245,247,b41d9d1c440520fb1402b665917a76dae2961945db1451214626a0e8abdaf406
246,247,b41d9d1c440520fb1402b665917a76dae2961945db1451214626a0e8abdaf406
247,249,a77c836c4345e89e6baa726dd3259c2838e2e2e5b8cb667e6ad6f25cfd0b907c
248,250,1e5cccb319b609bcf4420f72630f2de599435082c1fffe70b5cfb8a700fb073b
249,251,b36e40cbca9af91863fb9468cdaf1404a23c156ce4be4f863d4a49ecc5462976
250,252,f2807b32541dbe24a96e9af1639deacaecab06a63b2e7158b92d1617945337bc
251,252,f2807b32541dbe24a96e9af1639deacaecab06a63b2e7158b92d1617945337bc
252,253,d1ffd6da82a04563bda9693a3a574a1126adaf656b6bdc4b2eeba878c3b60488
253,254,a0bdeced1fd559d5007f65d3ac238fbf12aec3a29a6ec8a9c98fb645d6907df7
254,255,a1037517775df05aab0411527cc574b93772cef18073f38fc4922759aae0a35c
255,256,6f62cdca2c211ccba6e63a60b0a3314f97b2491adbc1a03510d6616e1b8476cc
256,257,b282467b3a3a9c7010565c222a7ff213b98d2ae118338773cd93b735cc36ac3d
257,258,ee6d013be0ca5d6642ec263357500bac51830ade5241ff751c9ff7df9ceed0be
258,260,3f90b573146e2d72d90da40454e121ecc1c8e1b16bf6342ecb66c6fc6d975c05
259,260,3f90b573146e2d72d90da40454e121ecc1c8e1b16bf6342ecb66c6fc6d975c05
260,262,5e8de7343766eca246b6302c363aa22bda3c1a65f86dd410fc166614c2486fef
