frame_name,left_x,left_y,right_x,right_y,left_conf,right_conf,left_source,right_source,status,left_temp,right_temp,adaptive_roi_radius,nostril_spacing_px,reference_nostril_spacing_px
frame_000000.jpg,,,,,,,missing,missing,no_detection,,,20,,125.65250173673118
frame_000001.jpg,,,,,,,missing,missing,no_detection,,,20,,125.65250173673118
frame_000002.jpg,,,,,,,missing,missing,no_detection,,,20,,125.65250173673118
frame_000003.jpg,,,,,,,missing,missing,no_detection,,,20,,125.65250173673118
frame_000004.jpg,,,,,,,missing,missing,no_detection,,,20,,125.65250173673118
frame_000005.jpg,,,,,,,missing,missing,no_detection,,,20,,125.65250173673118
frame_000006.jpg,,,,,,,missing,missing,no_detection,,,20,,125.65250173673118
frame_000007.jpg,,,,,,,missing,missing,no_detection,,,20,,125.65250173673118
frame_000008.jpg,,,,,,,missing,missing,no_detection,,,20,,125.65250173673118
frame_000009.jpg,,,,,,,missing,missing,no_detection,,,20,,125.65250173673118
frame_000010.jpg,,,,,,,missing,missing,no_detection,,,20,,125.65250173673118
frame_000011.jpg,,,,,,,missing,missing,no_detection,,,20,,125.65250173673118
frame_000012.jpg,,,,,,,missing,missing,no_detection,,,20,,125.65250173673118
frame_000013.jpg,,,,,,,missing,missing,no_detection,,,20,,125.65250173673118
frame_000014.jpg,,,,,,,missing,missing,no_detection,,,20,,125.65250173673118
frame_000015.jpg,501.00634765625,698.739990234375,375.3601531982422,699.9989624023438,0.9903601408004761,0.08162184804677963,detected,opposite_inferred,opposite_inferred_repair,30.008750776965883,32.45726151861174,20,125.65250173673118,125.65250173673118
frame_000016.jpg,,,,,,,missing,missing,no_detection,,,20,,125.65250173673118
frame_000017.jpg,,,,,,,missing,missing,no_detection,,,20,,125.65250173673118
frame_000018.jpg,291.13385009765625,740.2616577148438,165.48765563964844,741.5206298828125,0.9882239103317261,0.07767844945192337,detected,opposite_inferred,opposite_inferred_repair,30.17077438586603,31.998459958705855,20,125.65250173673118,125.65250173673118
frame_000019.jpg,277.1418762207031,736.920166015625,137.79701232910156,740.0912475585938,0.9721779823303223,0.7336553335189819,detected,detected,ok,30.802273560905547,31.819525854828434,22,139.38094149173023,125.65250173673118
frame_000020.jpg,275.9474182128906,737.9820556640625,135.4750518798828,739.3958740234375,0.9523648619651794,0.8191931247711182,detected,detected,ok,30.88892994943487,31.841710748362043,22,140.47948101252388,125.65250173673118
frame_000021.jpg,273.0659484863281,736.5855102539062,147.4197540283203,737.844482421875,0.980474591255188,0.4106280505657196,detected,opposite_inferred,opposite_inferred_repair,30.92600255447535,31.942387598878998,20,125.65250173673118,125.65250173673118
frame_000022.jpg,267.9211730957031,734.050048828125,142.2749786376953,735.3090209960938,0.9986677169799805,0.03731542453169823,detected,opposite_inferred,opposite_inferred_repair,30.871720668505695,33.032424700556085,20,125.65250173673118,125.65250173673118
frame_000023.jpg,274.4557189941406,737.889404296875,148.8095245361328,739.1483764648438,0.9998464584350586,0.0028879696037620306,detected,opposite_inferred,opposite_inferred_repair,31.0685991610487,33.17888688377219,20,125.65250173673118,125.65250173673118
frame_000024.jpg,270.4731750488281,739.0021362304688,144.8269805908203,740.2611083984375,0.9997623562812805,0.002586855785921216,detected,opposite_inferred,opposite_inferred_repair,30.964613924910594,33.16246974712135,20,125.65250173673118,125.65250173673118
frame_000025.jpg,273.423095703125,734.9723510742188,147.7769012451172,736.2313232421875,0.9994681477546692,0.00798069778829813,detected,opposite_inferred,opposite_inferred_repair,31.178581807791222,33.205562198428886,20,125.65250173673118,125.65250173673118
frame_000026.jpg,276.4345703125,736.6592407226562,150.7883758544922,737.918212890625,0.9995666146278381,0.006941043306142092,detected,opposite_inferred,opposite_inferred_repair,31.27661627021032,33.25555302444355,20,125.65250173673118,125.65250173673118
frame_000027.jpg,281.00384521484375,734.0939331054688,155.35765075683594,735.3529052734375,0.9992278814315796,0.02375430054962635,detected,opposite_inferred,opposite_inferred_repair,31.55218229765067,33.31108752616819,20,125.65250173673118,125.65250173673118
frame_000028.jpg,258.33819580078125,730.4295654296875,132.69200134277344,731.6885375976562,0.9986830353736877,0.003557664342224598,detected,opposite_inferred,opposite_inferred_repair,31.175636007604556,32.68616080014875,20,125.65250173673118,125.65250173673118
frame_000029.jpg,284.1320495605469,733.3796997070312,158.48585510253906,734.638671875,0.9974924325942993,0.06905734539031982,detected,opposite_inferred,opposite_inferred_repair,31.661929270266928,33.34920902678288,20,125.65250173673118,125.65250173673118
frame_000030.jpg,302.90301513671875,735.1144409179688,174.93092346191406,738.56884765625,0.9603097438812256,0.5129031538963318,detected,detected,ok,31.81669408997162,33.223199045271706,20,128.0187063422299,125.65250173673118
frame_000031.jpg,326.1658630371094,734.6223754882812,191.50320434570312,733.8773803710938,0.7833152413368225,0.9937899708747864,detected,detected,ok,31.899998248645332,32.44731638090837,21,134.66471944634498,125.65250173673118
frame_000032.jpg,327.7828674316406,734.886474609375,192.011474609375,734.149169921875,0.7434952855110168,0.9875104427337646,detected,detected,ok,31.682816881494023,32.305034925248876,22,135.77339476900536,125.65250173673118
frame_000033.jpg,328.8446044921875,733.6304931640625,190.56106567382812,733.8137817382812,0.9037755727767944,0.9861708879470825,detected,detected,ok,31.597401276680113,32.28447163138343,22,138.28366028866225,125.65250173673118
frame_000034.jpg,323.1627502441406,732.50244140625,187.62570190429688,734.59375,0.9956369996070862,0.9925771355628967,detected,detected,ok,31.257676510907977,32.18666448346992,22,135.55318160895905,125.65250173673118
frame_000035.jpg,323.9585266113281,732.5151977539062,188.29957580566406,733.7144775390625,0.9976198077201843,0.9850067496299744,detected,detected,ok,31.280770039865804,32.179342737980114,22,135.66425176035384,125.65250173673118
frame_000036.jpg,316.4503173828125,720.839599609375,190.8041229248047,721.64306640625,0.9972190856933594,0.9665045142173767,detected,detected,ok,31.05210131776354,32.14603513334378,20,125.64876338696372,125.65250173673118
frame_000037.jpg,308.5125427246094,712.5160522460938,184.78977966308594,716.7482299804688,0.8719012141227722,0.13708285987377167,detected,tracked,tracked_repair,31.00193432295087,32.19000255263841,20,123.79512683443241,125.65250173673118
frame_000038.jpg,303.54644775390625,707.6971435546875,178.7754364013672,711.8533935546875,0.954838752746582,0.659841775894165,detected,detected,ok,31.24582691212443,32.41623453411208,20,124.84021662908924,125.65250173673118
frame_000039.jpg,285.79205322265625,708.67529296875,160.14585876464844,709.9342651367188,0.9285704493522644,0.21176162362098694,detected,opposite_inferred,opposite_inferred_repair,31.5819281137008,33.209724627041226,20,125.65250173673118,125.65250173673118
frame_000040.jpg,285.46502685546875,704.954833984375,159.81883239746094,706.2138061523438,0.8622556328773499,0.42021751403808594,detected,opposite_inferred,opposite_inferred_repair,31.649432330835378,33.20437997230149,20,125.65250173673118,125.65250173673118
frame_000041.jpg,288.5934753417969,705.8477783203125,162.94728088378906,707.1067504882812,0.9511108994483948,0.3436753451824188,detected,opposite_inferred,opposite_inferred_repair,31.867461455382802,33.22406774751865,20,125.65250173673118,125.65250173673118
frame_000042.jpg,286.02569580078125,707.7186279296875,160.37950134277344,708.9776000976562,0.9311683773994446,0.25089940428733826,detected,opposite_inferred,opposite_inferred_repair,31.822593260428306,33.30355112322417,20,125.65250173673118,125.65250173673118
frame_000043.jpg,365.2465515136719,720.0654907226562,185.2982177734375,723.3088989257812,0.8808863162994385,0.5660810470581055,detected,detected,ok,31.702917374077803,32.287089551067126,24,179.9775611365452,125.65250173673118
frame_000044.jpg,418.7802429199219,704.724853515625,293.13404846191406,705.9838256835938,0.983698844909668,0.01818186789751053,detected,opposite_inferred,opposite_inferred_repair,31.770245060800928,32.965667241188726,20,125.65250173673118,125.65250173673118
frame_000045.jpg,470.6545715332031,701.66015625,345.0083770751953,702.9191284179688,0.9556931257247925,0.18854746222496033,detected,opposite_inferred,opposite_inferred_repair,31.530263695261084,32.51614954886234,20,125.65250173673118,125.65250173673118
frame_000046.jpg,513.990966796875,710.3717041015625,400.2152099609375,709.671142578125,0.8608927726745605,0.5586284399032593,detected,detected,ok,31.28656390795187,32.44228206518678,18,113.77791363018791,125.65250173673118
frame_000047.jpg,524.8314208984375,748.1073608398438,399.1852264404297,749.3663330078125,0.8824440240859985,0.3782389760017395,detected,opposite_inferred,opposite_inferred_repair,30.472016777317563,32.339834977301024,20,125.65250173673118,125.65250173673118
frame_000048.jpg,,,,,,,missing,missing,no_detection,,,20,,125.65250173673118
frame_000049.jpg,,,,,,,missing,missing,no_detection,,,20,,125.65250173673118
frame_000050.jpg,,,,,,,missing,missing,no_detection,,,20,,125.65250173673118
frame_000051.jpg,,,,,,,missing,missing,no_detection,,,20,,125.65250173673118
frame_000052.jpg,,,,,,,missing,missing,no_detection,,,20,,125.65250173673118
frame_000053.jpg,,,,,,,missing,missing,no_detection,,,20,,125.65250173673118
frame_000054.jpg,,,,,,,missing,missing,no_detection,,,20,,125.65250173673118
frame_000055.jpg,,,,,,,missing,missing,no_detection,,,20,,125.65250173673118
frame_000056.jpg,,,,,,,missing,missing,no_detection,,,20,,125.65250173673118
frame_000057.jpg,,,,,,,missing,missing,no_detection,,,20,,125.65250173673118
frame_000058.jpg,,,,,,,missing,missing,no_detection,,,20,,125.65250173673118
frame_000059.jpg,,,,,,,missing,missing,no_detection,,,20,,125.65250173673118
frame_000060.jpg,499.6785583496094,762.0989990234375,374.03236389160156,763.3579711914062,0.9975270628929138,0.013937042094767094,detected,opposite_inferred,opposite_inferred_repair,31.254621705780163,32.80985722220621,20,125.65250173673118,125.65250173673118
frame_000061.jpg,,,,,,,missing,missing,no_detection,,,20,,125.65250173673118
frame_000062.jpg,,,,,,,missing,missing,no_detection,,,20,,125.65250173673118
frame_000063.jpg,,,,,,,missing,missing,no_detection,,,20,,125.65250173673118
frame_000064.jpg,,,,,,,missing,missing,no_detection,,,20,,125.65250173673118
frame_000065.jpg,,,,,,,missing,missing,no_detection,,,20,,125.65250173673118
frame_000066.jpg,,,,,,,missing,missing,no_detection,,,20,,125.65250173673118
frame_000067.jpg,,,,,,,missing,missing,no_detection,,,20,,125.65250173673118
frame_000068.jpg,507.418212890625,759.3485107421875,381.7720184326172,760.6074829101562,0.9979029893875122,0.10468777269124985,detected,opposite_inferred,opposite_inferred_repair,30.66519707036966,32.060114719378696,20,125.65250173673118,125.65250173673118
frame_000069.jpg,504.0655822753906,761.4591674804688,378.4193878173828,762.7181396484375,0.999178946018219,0.0102080088108778,detected,opposite_inferred,opposite_inferred_repair,30.701146028104894,32.7227028464268,20,125.65250173673118,125.65250173673118
frame_000070.jpg,499.9091796875,760.8026733398438,374.2629852294922,762.0616455078125,0.9996010661125183,0.0036827458534389734,detected,opposite_inferred,opposite_inferred_repair,30.713244861554514,32.77136509433316,20,125.65250173673118,125.65250173673118
frame_000071.jpg,485.5067138671875,750.8759155273438,359.8605194091797,752.1348876953125,0.9747923612594604,0.010305819101631641,detected,opposite_inferred,opposite_inferred_repair,31.00574147988405,32.540583061389164,20,125.65250173673118,125.65250173673118
frame_000072.jpg,485.1268005371094,747.8350219726562,359.48060607910156,749.093994140625,0.9945918917655945,0.07730096578598022,detected,opposite_inferred,opposite_inferred_repair,31.24634745502574,32.95729341496978,20,125.65250173673118,125.65250173673118
frame_000073.jpg,482.62042236328125,744.9083251953125,356.97422790527344,746.1672973632812,0.989673376083374,0.07045447081327438,detected,opposite_inferred,opposite_inferred_repair,31.303657708546286,33.06264395062771,20,125.65250173673118,125.65250173673118
frame_000074.jpg,477.3237609863281,745.5961303710938,351.6775665283203,746.8551025390625,0.9854778051376343,0.08858661353588104,detected,opposite_inferred,opposite_inferred_repair,31.285547565065166,33.06323719482324,20,125.65250173673118,125.65250173673118
frame_000075.jpg,476.80963134765625,745.33642578125,351.16343688964844,746.5953979492188,0.990225613117218,0.07114619016647339,detected,opposite_inferred,opposite_inferred_repair,31.395963859424125,33.024531564955474,20,125.65250173673118,125.65250173673118
frame_000076.jpg,473.359375,746.789794921875,347.7131805419922,748.0487670898438,0.9950985312461853,0.03130510821938515,detected,opposite_inferred,opposite_inferred_repair,31.303513581320615,32.90403478618403,20,125.65250173673118,125.65250173673118
frame_000077.jpg,466.6357116699219,744.1408081054688,340.98951721191406,745.3997802734375,0.9798110127449036,0.056618832051754,detected,opposite_inferred,opposite_inferred_repair,31.291021177996576,32.49538888274684,20,125.65250173673118,125.65250173673118
frame_000078.jpg,494.9376525878906,736.3038330078125,368.27532958984375,740.275634765625,0.9587004780769348,0.5594286322593689,detected,detected,ok,31.318085401239145,32.31581373581664,20,126.7245803956948,125.65250173673118
frame_000079.jpg,493.02374267578125,736.3983154296875,372.0183868408203,738.9037628173828,0.9628843665122986,0.39801061153411865,detected,tracked,tracked_repair,31.194329999229204,32.24978051248916,19,121.03129102574269,125.65250173673118
frame_000080.jpg,493.02374267578125,736.3983154296875,375.7614440917969,737.5318908691406,0.9628843665122986,0.39801061153411865,detected,tracked,tracked_repair,31.194329999229204,32.15955007004896,19,117.26777759673129,125.65250173673118
frame_000081.jpg,493.73455810546875,736.7717895507812,379.50450134277344,736.1600189208984,0.9500338435173035,0.3407493233680725,detected,tracked,tracked_repair,31.07813142027687,32.04731769544419,18,114.2316949507105,125.65250173673118
frame_000082.jpg,500.2266540527344,734.656005859375,383.24755859375,734.7881469726562,0.9549724459648132,0.7774273753166199,detected,detected,ok,30.894426009527507,32.02486779628307,19,116.97917009312384,125.65250173673118
frame_000083.jpg,500.148681640625,735.2334594726562,380.0433349609375,736.492431640625,0.9601786136627197,0.6099324226379395,detected,detected,ok,30.891890417038148,32.05123371570934,19,120.11194491792912,125.65250173673118
frame_000084.jpg,504.63916015625,734.4779663085938,380.61077880859375,733.4755859375,0.9474799036979675,0.7239059209823608,detected,detected,ok,30.969307836164276,32.77677985962974,20,124.0324318318721,125.65250173673118
frame_000085.jpg,500.58905029296875,734.4966430664062,374.94285583496094,735.755615234375,0.9827507138252258,0.32422706484794617,detected,opposite_inferred,opposite_inferred_repair,31.015472534227335,32.94961685809321,20,125.65250173673118,125.65250173673118
frame_000086.jpg,490.5250549316406,740.0413818359375,364.8788604736328,741.3003540039062,0.9959502220153809,0.038816459476947784,detected,opposite_inferred,opposite_inferred_repair,30.910374052371655,33.01000649409949,20,125.65250173673118,125.65250173673118
frame_000087.jpg,489.8454284667969,740.809814453125,364.19923400878906,742.0687866210938,0.9942280054092407,0.026712797582149506,detected,opposite_inferred,opposite_inferred_repair,30.910365317564175,33.12670426978927,20,125.65250173673118,125.65250173673118
frame_000088.jpg,485.8816223144531,740.0311279296875,360.2354278564453,741.2901000976562,0.9964631199836731,0.007910434156656265,detected,opposite_inferred,opposite_inferred_repair,30.8308655042983,33.06975525042332,20,125.65250173673118,125.65250173673118
frame_000089.jpg,486.41839599609375,740.3851318359375,360.77220153808594,741.6441040039062,0.9959968328475952,0.006303420290350914,detected,opposite_inferred,opposite_inferred_repair,30.840622594923257,33.13447314954113,20,125.65250173673118,125.65250173673118
frame_000090.jpg,484.8456115722656,739.6318359375,359.1994171142578,740.8908081054688,0.9957718253135681,0.011348439380526543,detected,opposite_inferred,opposite_inferred_repair,30.85690461353707,33.01543563538749,20,125.65250173673118,125.65250173673118
frame_000091.jpg,483.7366027832031,741.04736328125,358.0904083251953,742.3063354492188,0.9965729713439941,0.009969907812774181,detected,opposite_inferred,opposite_inferred_repair,30.80951949943462,32.989418159108595,20,125.65250173673118,125.65250173673118
frame_000092.jpg,499.5541687011719,736.6517333984375,372.6617736816406,739.4270629882812,0.9835950136184692,0.9235661029815674,detected,detected,ok,31.23833004482278,32.62955359420429,20,126.92274172946715,125.65250173673118
frame_000093.jpg,496.6880798339844,737.079345703125,379.8604431152344,737.3475036621094,0.9835596084594727,0.34245461225509644,detected,tracked,tracked_repair,30.73418402030634,32.31759263950986,19,116.82794447382523,125.65250173673118
frame_000094.jpg,496.58978271484375,735.3963012695312,387.0591125488281,735.2679443359375,0.8865525126457214,0.5623477697372437,detected,detected,ok,30.60810460660012,32.16257654407572,17,109.53074537552872,125.65250173673118
frame_000095.jpg,498.8216552734375,737.2384033203125,373.1754608154297,738.4973754882812,0.8678059577941895,0.47778505086898804,detected,opposite_inferred,opposite_inferred_repair,30.636008505137628,31.873563115316145,20,125.65250173673118,125.65250173673118
frame_000096.jpg,494.829833984375,737.7515258789062,369.1836395263672,739.010498046875,0.8899887800216675,0.1912091225385666,detected,opposite_inferred,opposite_inferred_repair,30.56273682182294,31.770215544928355,20,125.65250173673118,125.65250173673118
frame_000097.jpg,504.92236328125,738.494873046875,379.2761688232422,739.7538452148438,0.816753625869751,0.4282362163066864,detected,opposite_inferred,opposite_inferred_repair,30.64294288597636,32.00283151442341,20,125.65250173673118,125.65250173673118
frame_000098.jpg,499.7018737792969,737.808837890625,374.05567932128906,739.0678100585938,0.9073558449745178,0.3666790723800659,detected,opposite_inferred,opposite_inferred_repair,30.54548423048725,32.300183159763,20,125.65250173673118,125.65250173673118
frame_000099.jpg,506.7051086425781,734.9625244140625,387.3548583984375,738.8325805664062,0.9682819247245789,0.5010061860084534,detected,detected,ok,31.010932895997996,32.87796810214212,19,119.41297905990488,125.65250173673118
frame_000100.jpg,496.091552734375,737.892578125,370.4453582763672,739.1515502929688,0.9757472276687622,0.0540192574262619,detected,opposite_inferred,opposite_inferred_repair,30.74977938717645,33.04157974134237,20,125.65250173673118,125.65250173673118
frame_000101.jpg,491.2774658203125,737.6516723632812,365.6312713623047,738.91064453125,0.9910815954208374,0.021198317408561707,detected,opposite_inferred,opposite_inferred_repair,30.755457058274086,33.050068641969105,20,125.65250173673118,125.65250173673118
frame_000102.jpg,490.3807678222656,738.2218627929688,364.7345733642578,739.4808349609375,0.9939677715301514,0.030943362042307854,detected,opposite_inferred,opposite_inferred_repair,30.881518001100545,33.07121825851693,20,125.65250173673118,125.65250173673118
frame_000103.jpg,482.6992492675781,740.0856323242188,357.0530548095703,741.3446044921875,0.9968737363815308,0.011080986820161343,detected,opposite_inferred,opposite_inferred_repair,30.886214831729554,32.92099838654707,20,125.65250173673118,125.65250173673118
frame_000104.jpg,482.1356201171875,740.4478149414062,356.4894256591797,741.706787109375,0.9988489151000977,0.0030333632603287697,detected,opposite_inferred,opposite_inferred_repair,30.999399992257626,32.90867780562181,20,125.65250173673118,125.65250173673118
frame_000105.jpg,478.9326171875,741.4974365234375,353.2864227294922,742.7564086914062,0.9986182451248169,0.0019899955950677395,detected,opposite_inferred,opposite_inferred_repair,30.96819218846852,32.820925988103355,20,125.65250173673118,125.65250173673118
frame_000106.jpg,483.21783447265625,738.059326171875,357.57164001464844,739.3182983398438,0.993697464466095,0.0050032553263008595,detected,opposite_inferred,opposite_inferred_repair,31.087887345424175,32.92991416560165,20,125.65250173673118,125.65250173673118
frame_000107.jpg,485.36669921875,737.1851806640625,359.7205047607422,738.4441528320312,0.9893547296524048,0.016274338588118553,detected,opposite_inferred,opposite_inferred_repair,31.08118141760239,32.3361416815691,20,125.65250173673118,125.65250173673118
frame_000108.jpg,489.28875732421875,735.1778564453125,363.64256286621094,736.4368286132812,0.9858658313751221,0.059126295149326324,detected,opposite_inferred,opposite_inferred_repair,31.079283376400387,32.0691029126786,20,125.65250173673118,125.65250173673118
frame_000109.jpg,488.48834228515625,736.6641845703125,362.84214782714844,737.9231567382812,0.9940164089202881,0.021567096933722496,detected,opposite_inferred,opposite_inferred_repair,31.036709132947262,31.95969074369936,20,125.65250173673118,125.65250173673118
frame_000110.jpg,487.6206970214844,737.121337890625,361.97450256347656,738.3803100585938,0.9556471109390259,0.0592341385781765,detected,opposite_inferred,opposite_inferred_repair,30.997156780946565,31.808632003650068,20,125.65250173673118,125.65250173673118
frame_000111.jpg,487.6206970214844,737.121337890625,361.97450256347656,738.3803100585938,0.9556471109390259,0.0592341385781765,detected,opposite_inferred,opposite_inferred_repair,30.997156780946565,31.808632003650068,20,125.65250173673118,125.65250173673118
frame_000112.jpg,490.68914794921875,737.9188842773438,365.04295349121094,739.1778564453125,0.9178611040115356,0.08941233158111572,detected,opposite_inferred,opposite_inferred_repair,30.95211717971941,31.830404305683864,20,125.65250173673118,125.65250173673118
frame_000113.jpg,489.80535888671875,740.5860595703125,364.15916442871094,741.8450317382812,0.9621304869651794,0.033084023743867874,detected,opposite_inferred,opposite_inferred_repair,30.960387502718053,32.446663451196926,20,125.65250173673118,125.65250173673118
frame_000114.jpg,489.736083984375,738.9393310546875,364.0898895263672,740.1983032226562,0.9700130820274353,0.044888172298669815,detected,opposite_inferred,opposite_inferred_repair,31.04444710682856,32.40904396538631,20,125.65250173673118,125.65250173673118
frame_000115.jpg,489.736083984375,738.9393310546875,364.0898895263672,740.1983032226562,0.9700130820274353,0.044888172298669815,detected,opposite_inferred,opposite_inferred_repair,31.04444710682856,32.40904396538631,20,125.65250173673118,125.65250173673118
frame_000116.jpg,494.7488708496094,739.3145751953125,369.10267639160156,740.5735473632812,0.9509438872337341,0.17136389017105103,detected,opposite_inferred,opposite_inferred_repair,31.19680124813161,33.06874531111417,20,125.65250173673118,125.65250173673118
frame_000117.jpg,503.0353088378906,738.784912109375,377.3891143798828,740.0438842773438,0.919055163860321,0.49887529015541077,detected,opposite_inferred,opposite_inferred_repair,31.41187648758088,33.15009105881604,20,125.65250173673118,125.65250173673118
frame_000118.jpg,496.8581237792969,742.612060546875,371.21192932128906,743.8710327148438,0.8008553385734558,0.39806729555130005,detected,opposite_inferred,opposite_inferred_repair,31.215042220157507,33.10935524290796,20,125.65250173673118,125.65250173673118
frame_000119.jpg,496.8581237792969,742.612060546875,371.21192932128906,743.8710327148438,0.8008553385734558,0.39806729555130005,detected,opposite_inferred,opposite_inferred_repair,31.215042220157507,33.10935524290796,20,125.65250173673118,125.65250173673118
frame_000120.jpg,498.95111083984375,738.7051391601562,373.30491638183594,739.964111328125,0.9086110591888428,0.49720698595046997,detected,opposite_inferred,opposite_inferred_repair,31.36412383549213,32.63754875882672,20,125.65250173673118,125.65250173673118
frame_000121.jpg,506.4486389160156,737.0745239257812,373.3112487792969,741.2125854492188,0.9814416170120239,0.8002727627754211,detected,detected,ok,31.598667994980058,32.26449251568352,21,133.20168244278526,125.65250173673118
frame_000122.jpg,470.8223876953125,741.7151489257812,345.1761932373047,742.97412109375,0.9905933737754822,0.2996104061603546,detected,opposite_inferred,opposite_inferred_repair,31.280380727361965,32.16503794860965,20,125.65250173673118,125.65250173673118
frame_000123.jpg,417.5120544433594,742.4981689453125,291.86585998535156,743.7571411132812,0.9898646473884583,0.04868360608816147,detected,opposite_inferred,opposite_inferred_repair,31.046829364617214,31.348470976868903,20,125.65250173673118,125.65250173673118
frame_000124.jpg,364.59075927734375,749.0010986328125,238.94456481933594,750.2600708007812,0.9976492524147034,0.0038326347712427378,detected,opposite_inferred,opposite_inferred_repair,30.3636084623208,29.95155672785395,20,125.65250173673118,125.65250173673118
frame_000125.jpg,364.59075927734375,749.0010986328125,238.94456481933594,750.2600708007812,0.9976492524147034,0.0038326347712427378,detected,opposite_inferred,opposite_inferred_repair,30.3636084623208,29.95155672785395,20,125.65250173673118,125.65250173673118
frame_000126.jpg,320.8572998046875,756.8896484375,195.2111053466797,758.1486206054688,0.9997274279594421,0.0008127525798045099,detected,opposite_inferred,opposite_inferred_repair,31.356098455667503,29.9394152864027,20,125.65250173673118,125.65250173673118
frame_000127.jpg,,,,,,,missing,missing,no_detection,,,20,,125.65250173673118
frame_000128.jpg,,,,,,,missing,missing,no_detection,,,20,,125.65250173673118
frame_000129.jpg,,,,,,,missing,missing,no_detection,,,20,,125.65250173673118
frame_000130.jpg,177.62881469726562,701.046142578125,40.15898895263672,696.2728271484375,0.060187097638845444,0.0031397927086800337,low_conf_inferred,low_conf_inferred,low_conf_inferred_repair,32.26062603268006,32.12323728639832,22,137.55267184046238,125.65250173673118
frame_000131.jpg,,,,,,,missing,missing,no_detection,,,20,,125.65250173673118
frame_000132.jpg,,,,,,,missing,missing,no_detection,,,20,,125.65250173673118
frame_000133.jpg,,,,,,,missing,missing,no_detection,,,20,,125.65250173673118
frame_000134.jpg,,,,,,,missing,missing,no_detection,,,20,,125.65250173673118
frame_000135.jpg,,,,,,,missing,missing,no_detection,,,20,,125.65250173673118
frame_000136.jpg,,,,,,,missing,missing,no_detection,,,20,,125.65250173673118
frame_000137.jpg,,,,,,,missing,missing,no_detection,,,20,,125.65250173673118
