frame_name,frame_index,left_temp,right_temp,left_norm,right_norm,fused_norm,smoothed_norm,is_peak,source_peak_rejected,fused_repaired
frame_000000.jpg,0,32.1059523681255,27.37056223524792,0.6415714648022465,0.011121724806488415,0.6415714648022465,,False,False,False
frame_000001.jpg,1,32.05480330268278,27.28497841895768,0.625110567154366,0.0,0.625110567154366,0.5699234222280741,False,False,False
frame_000002.jpg,2,30.90492824052244,30.69462779808732,0.2550554050074139,0.44308823472761,0.44308823472761,0.5615359200645691,False,False,False
frame_000003.jpg,3,30.11591106860628,32.028364176626454,0.0011322727485014684,0.6164089583117315,0.6164089583117315,0.542701886950559,False,False,False
frame_000004.jpg,4,30.11239274936568,31.66053018786448,0.0,0.5686084678123354,0.5686084678123354,0.5828442146946611,False,False,False
frame_000005.jpg,5,30.76865148006025,31.621336648438348,0.2111985371186956,0.5635152179599164,0.5635152179599164,0.5858108447196827,False,False,False
frame_000006.jpg,6,31.13344800142937,32.096850546361416,0.3285981053920278,0.6253088483867963,0.6253088483867963,0.6005058317733999,False,False,False
frame_000007.jpg,7,31.286440748163493,31.99977246213629,0.37783454643079195,0.612693428973487,0.612693428973487,0.609160032297984,True,False,False
frame_000008.jpg,8,31.508494558269337,31.82112387228769,0.44929636120368144,0.5894778195336687,0.5894778195336687,0.5736214827934166,False,False,False
frame_000009.jpg,9,31.34482216106881,31.276422579043068,0.39662297304338023,0.5186931998730943,0.5186931998730943,0.5492134370782821,False,False,False
frame_000010.jpg,10,30.417075665168483,31.436298611586828,0.09805368384890768,0.5394692918280832,0.5394692918280832,0.5255732907625814,False,False,False
frame_000011.jpg,11,30.411611858477684,31.27537742345173,0.09629531031995722,0.5185573805865669,0.5185573805865669,0.5112652733011811,False,False,False
frame_000012.jpg,12,30.30567714032118,30.94611372159509,0.06220318101440777,0.47576914748889343,0.47576914748889343,0.4981148240135169,False,False,False
frame_000013.jpg,13,30.822489976344272,31.132712884853248,0.22852495294225575,0.5000179439650906,0.5000179439650906,0.48381120564867597,False,False,False
frame_000014.jpg,14,31.46475610072364,30.945170121691827,0.4352203606608734,0.4756465254920439,0.4756465254920439,0.47141302427310183,False,False,False
frame_000015.jpg,15,31.419320926026128,30.65989453464996,0.4205983191077027,0.4385746033621711,0.4385746033621711,0.46249875560499487,False,False,False
frame_000016.jpg,16,31.190043722794627,30.92692183751282,0.34681185707327167,0.47327513796076964,0.47327513796076964,0.4668607412754605,False,False,False
frame_000017.jpg,17,30.294533570877107,31.04586908343848,0.05861693453144229,0.48873248250344087,0.48873248250344087,0.48189287787135016,False,False,False
frame_000018.jpg,18,30.21135753038861,31.00692010107699,0.031849049773698096,0.48367101314983996,0.48367101314983996,0.4789366340277746,False,False,False
frame_000019.jpg,19,30.317354014524984,30.858675238782887,0.06596105673417509,0.46440640643004316,0.46440640643004316,0.42764513713500185,False,False,False
frame_000020.jpg,20,30.96848950470051,29.86177521570635,0.2755108220311471,0.3348579918251225,0.3348579918251225,0.4039933237990072,False,False,False
frame_000021.jpg,21,31.394826812892063,27.285645497241475,0.41271557314185603,8.668766384029151e-05,0.41271557314185603,0.42166999403724714,False,False,False
frame_000022.jpg,22,31.720226643308447,27.48237848836793,0.517436417144763,0.02565238784535147,0.517436417144763,0.443987272172355,True,False,False
frame_000023.jpg,23,31.36093930721613,29.07868660827473,0.401809826230446,0.2330946401954751,0.401809826230446,0.3844130903504268,False,False,False
frame_000024.jpg,24,30.652490122589533,29.085599873117605,0.17381524967416628,0.23399302767607175,0.23399302767607175,0.3200457422057836,False,False,False
frame_000025.jpg,25,30.308423012342107,29.78079393801277,0.06308686320682791,0.32433437271083304,0.32433437271083304,0.3253835397085182,False,False,False
frame_000026.jpg,26,31.09331172361121,30.50020862978461,0.3156813657524449,0.41782321873864975,0.41782321873864975,0.4552912006872476,False,False,False
frame_000027.jpg,27,31.317953208865465,32.0845933526394,0.38797595147423103,0.6237160106122601,0.6237160106122601,0.5515871245894224,False,False,False
frame_000028.jpg,28,30.92852949587316,32.00384102939589,0.2626508096414386,0.6132221444173573,0.6132221444173573,0.6276180939072677,True,False,False
frame_000029.jpg,29,31.586342329690623,32.255427525329765,0.47434949142981203,0.6459161266921858,0.6459161266921858,0.6244525721933929,False,False,False
frame_000030.jpg,30,31.232875205662875,32.01151545324785,0.36059597315630565,0.6142194454706358,0.6142194454706358,0.6085247392702875,False,False,False
frame_000031.jpg,31,30.49338993405668,31.636137795272333,0.12261329912962418,0.565438645648041,0.565438645648041,0.5834588819856883,False,False,False
frame_000032.jpg,32,30.48519976739135,31.67676771428563,0.11997752281523495,0.5707185548383882,0.5707185548383882,0.5626221469787466,False,False,False
frame_000033.jpg,33,30.901346998002595,31.53048737569226,0.2539028821595146,0.5517092404498105,0.5517092404498105,0.5825038876386607,False,False,False
frame_000034.jpg,34,31.51262419065028,32.09511927605189,0.4506253680067905,0.6250838676277833,0.6250838676277833,0.6199347353281806,False,False,False
frame_000035.jpg,35,31.710151547266346,32.54088047952296,0.5141940289739114,0.6830110979069477,0.6830110979069477,0.6676953761470785,False,False,False
frame_000036.jpg,36,31.75911820529884,32.63306938905874,0.5299525797715653,0.6949911629065044,0.6949911629065044,0.6766890865671569,True,False,False
frame_000037.jpg,37,30.81535593931859,32.30274428217788,0.22622906244495122,0.6520649988880185,0.6520649988880185,0.6483506044389836,False,False,False
frame_000038.jpg,38,30.500359873085344,31.886670231400245,0.12485637927135798,0.5979956515224282,0.5979956515224282,0.6042130023572717,False,False,False
frame_000039.jpg,39,30.459665001444545,31.614127320149844,0.11175987181663298,0.5625783566613685,0.5625783566613685,0.5831660221823196,False,False,False
frame_000040.jpg,40,30.800355235132347,31.816862573333623,0.22140150491054464,0.5889240583631621,0.5889240583631621,0.6154033733691453,False,False,False
frame_000041.jpg,41,31.48697376413516,32.63088812646476,0.442370494885743,0.6947077050829056,0.6947077050829056,0.6607327533534784,False,False,False
frame_000042.jpg,42,31.594009155808216,32.660582271147995,0.47681684521063744,0.6985664966143675,0.6985664966143675,0.6926887764736676,True,False,False
frame_000043.jpg,43,31.29196714884679,32.55458584728732,0.3796130640874012,0.6847921277237299,0.6847921277237299,0.6637939950802659,False,False,False
frame_000044.jpg,44,30.655243751895075,31.963835388095404,0.1747014283319069,0.6080233609027004,0.6080233609027004,0.6304105691425612,False,False,False
frame_000045.jpg,45,30.56246047185236,31.889906577682403,0.14484172194239248,0.5984162188012534,0.5984162188012534,0.6018683482822896,False,False,False
frame_000046.jpg,46,30.72836052741315,31.89567217271165,0.1982320197069127,0.5991654651429154,0.5991654651429154,0.6243424459179727,False,False,False
frame_000047.jpg,47,31.119657680521136,32.482662928825164,0.3241600758984862,0.6754456538097494,0.6754456538097494,0.6524847875722862,False,False,False
frame_000048.jpg,48,31.212805690321463,32.53958880953769,0.35413716037022464,0.682843243764194,0.682843243764194,0.6905349656956656,False,False,False
frame_000049.jpg,49,31.6736473083042,32.7740825391745,0.5024461595638137,0.7133159995130535,0.7133159995130535,0.6937323093875079,True,False,False
frame_000050.jpg,50,31.37149028410869,32.5564754569808,0.405205363357278,0.6850376848852763,0.6850376848852763,0.6697678388059619,False,False,False
frame_000051.jpg,51,30.828734267866903,31.9863551474674,0.230534503708196,0.6109498320195561,0.6109498320195561,0.6353984455044552,False,False,False
frame_000052.jpg,52,30.842267373025784,31.98064521892889,0.23488975549921476,0.6102078196085335,0.6102078196085335,0.6121566658856585,False,False,False
frame_000053.jpg,53,30.84193111427601,32.019925533719025,0.23478154001540677,0.6153123460288862,0.6153123460288862,0.6259715691106226,False,False,False
frame_000054.jpg,54,31.20090000412514,32.30528017759842,0.35030564790349245,0.652394541694448,0.652394541694448,0.6593694735407282,False,False,False
frame_000055.jpg,55,31.65781350978215,32.75165515676449,0.49735049389343144,0.7104015328988504,0.7104015328988504,0.6835796631917122,False,False,False
frame_000056.jpg,56,31.58581149112472,32.57883176260706,0.47417865586858987,0.687942914981838,0.687942914981838,0.6876676927709376,True,False,False
frame_000057.jpg,57,31.47164132310176,32.399654704549505,0.43743617711554633,0.6646586304321246,0.6646586304321246,0.6341793403010483,False,False,False
frame_000058.jpg,58,30.73869347853121,31.5168456075892,0.20155739132969225,0.5499364754891825,0.5499364754891825,0.5884363525350759,False,False,False
frame_000059.jpg,59,30.573365008195125,31.52282843677966,0.14835104230009946,0.5507139516839206,0.5507139516839206,0.5627606906434524,False,False,False
frame_000060.jpg,60,30.822056187699538,31.806917201501143,0.2283853501866632,0.587631644757254,0.587631644757254,0.581637431114424,False,False,False
frame_000061.jpg,61,30.93026419163819,31.95262607781365,0.26320907300737156,0.6065666969020975,0.6065666969020975,0.6168057296826552,False,False,False
frame_000062.jpg,62,31.318742316141066,32.33470894711592,0.38822990360384346,0.6562188473886141,0.6562188473886141,0.6590400568597945,False,False,False
frame_000063.jpg,63,31.715841597189023,32.78192106857077,0.5160252125659832,0.714334626288672,0.714334626288672,0.6755589014291156,True,False,False
frame_000064.jpg,64,31.27262420792001,32.33397315757317,0.37338807897674886,0.6561232306100607,0.6561232306100607,0.6461771746294163,False,False,False
frame_000065.jpg,65,30.65605804243432,31.656414792440803,0.17496348499132286,0.5680736669895161,0.5680736669895161,0.5896423389339249,False,False,False
frame_000066.jpg,66,30.4048336185663,31.47678169234587,0.09411392318319686,0.5447301192021982,0.5447301192021982,0.5561548754015633,False,False,False
frame_000067.jpg,67,30.79138693896321,31.5608956960698,0.21851530935568445,0.5556608400129759,0.5556608400129759,0.5679773678763074,False,False,False
frame_000068.jpg,68,31.068447266698943,31.92934386818837,0.3076794349886985,0.6035411444137482,0.6035411444137482,0.6006487032065471,False,False,False
frame_000069.jpg,69,31.210954770258294,32.231018362334886,0.3535414934611515,0.6427441251929172,0.6427441251929172,0.6325933873118188,False,False,False
frame_000070.jpg,70,31.302454756479385,32.298357202306754,0.38298820758840196,0.651494892328791,0.651494892328791,0.6367652907361848,True,False,False
frame_000071.jpg,71,31.188099013992307,32.025654671358915,0.34618600687888706,0.6160568546868462,0.6160568546868462,0.6017006008963917,False,False,False
frame_000072.jpg,72,30.31425652750136,31.421529719411726,0.06496421707698521,0.537550055673538,0.537550055673538,0.563853254626445,False,False,False
frame_000073.jpg,73,30.35486695739724,31.42462932647841,0.07803354931534372,0.5379528535189507,0.5379528535189507,0.5478620176799777,False,False,False
frame_000074.jpg,74,30.742217365175005,31.656487718689387,0.2026914557913624,0.5680831438474443,0.5680831438474443,0.5729830055901585,False,False,False
frame_000075.jpg,75,30.92814623356178,32.00146225282955,0.2625274673745697,0.6129130194040804,0.6129130194040804,0.60920001549638,False,False,False
frame_000076.jpg,76,31.250007969437764,32.260719944523785,0.3661096745012417,0.6466038832376156,0.6466038832376156,0.6426801154807945,False,False,False
frame_000077.jpg,77,31.449131475786903,32.42939518843004,0.43019201166477733,0.6685234438006875,0.6685234438006875,0.6565540461361352,True,False,False
frame_000078.jpg,78,31.2270059658234,32.32174996532648,0.3587071222959379,0.6545348113701027,0.6545348113701027,0.632149098533263,False,False,False
frame_000079.jpg,79,30.44007948754173,31.697317615687545,0.10545682137094302,0.573389040428999,0.573389040428999,0.5997293700113617,False,False,False
frame_000080.jpg,80,30.3666875042942,31.680967007116177,0.08183766207730177,0.5712642582349837,0.5712642582349837,0.5684476294574586,False,False,False
frame_000081.jpg,81,30.536471079244503,31.599592894354288,0.13647776205484363,0.5606895897083932,0.5606895897083932,0.5816844916440729,False,False,False
frame_000082.jpg,82,31.006777231510046,32.00289823416612,0.28783265717567275,0.6130996269888418,0.6130996269888418,0.6239674887937805,False,False,False
frame_000083.jpg,83,31.50341214088238,32.65709444864847,0.44766072716645317,0.6981132496841066,0.6981132496841066,0.6671402677241426,False,False,False
frame_000084.jpg,84,31.645897425311933,32.59626146285535,0.49351563503276624,0.6902079264994795,0.6902079264994795,0.6673149251401329,True,False,False
frame_000085.jpg,85,30.87001107840552,32.006930301618944,0.24381829193826596,0.6136235992368128,0.6136235992368128,0.6378674141380607,False,False,False
frame_000086.jpg,86,30.65813868078204,31.977281627618456,0.17563308031212962,0.60977071667789,0.60977071667789,0.5958433255634976,False,False,False
frame_000087.jpg,87,30.54486051892601,31.626111075507552,0.1391776688219579,0.5641356607757902,0.5641356607757902,0.5840519520801171,False,False,False
frame_000088.jpg,88,30.930301972768504,31.73471962578317,0.26322123180858764,0.5782494787866712,0.5782494787866712,0.5943318886446476,False,False,False
frame_000089.jpg,89,31.137763356621345,32.21459990811596,0.32998688189291764,0.6406105263714812,0.6406105263714812,0.6341560756147531,False,False,False
frame_000090.jpg,90,31.476832773436804,32.5454754621095,0.4391069003608207,0.6836082216861069,0.6836082216861069,0.6625221600081441,True,False,False
frame_000091.jpg,91,31.4864009639678,32.38956708816088,0.442186155155466,0.6633477319668444,0.6633477319668444,0.6468409535759378,False,False,False
frame_000092.jpg,92,30.52869571424308,31.852590189159336,0.13397547806674925,0.5935669070748624,0.5935669070748624,0.611214097579839,False,False,False
frame_000093.jpg,93,30.535927134646524,31.72300888836635,0.1363027086833705,0.5767276536978106,0.5767276536978106,0.5849737368837222,False,False,False
frame_000094.jpg,94,30.82245103825351,31.78379318664448,0.2285124218056442,0.5846266498784936,0.5846266498784936,0.6122631567048489,False,False,False
frame_000095.jpg,95,31.16512235104781,32.48258222724932,0.33879160986018186,0.6754351665382426,0.6754351665382426,0.6465860257441677,False,False,False
frame_000096.jpg,96,31.74891261499112,32.51537216911429,0.526668195667232,0.6796962608157668,0.6796962608157668,0.6687434261179406,True,False,False
frame_000097.jpg,97,31.497172139010107,32.295309587936465,0.44565255690463157,0.6510988509998124,0.6510988509998124,0.6479066184492717,False,False,False
frame_000098.jpg,98,30.648162066154608,32.00155247225573,0.17242238563309525,0.6129247435322358,0.6129247435322358,0.6151592760808086,False,False,False
frame_000099.jpg,99,30.324372539986346,31.759380832692887,0.06821977306180568,0.5814542337103776,0.5814542337103776,0.5882349196837641,False,False,False
frame_000100.jpg,100,30.41937886441181,31.67374525010824,0.09879490417578869,0.5703257818086788,0.5703257818086788,0.5783549706340245,False,False,False
frame_000101.jpg,101,30.95773968174024,31.77346813485066,0.27205129185302457,0.5832848963830174,0.5832848963830174,0.6065545386368921,False,False,False
frame_000102.jpg,102,31.303190598116203,32.41038416789864,0.38322501766037226,0.6660529377189803,0.6660529377189803,0.6397863086351829,False,False,False
frame_000103.jpg,103,31.38108622686196,32.44091987850957,0.40829354942928775,0.6700210918035514,0.6700210918035514,0.6530156540367904,True,False,False
frame_000104.jpg,104,31.27721486262546,32.07887522400038,0.3748654529343979,0.6229729325878395,0.6229729325878395,0.6145057654270081,False,False,False
frame_000105.jpg,105,30.68117965135044,31.5213611190058,0.18304817294288286,0.5505232718896336,0.5505232718896336,0.5689781348594332,False,False,False
frame_000106.jpg,106,30.45571111778217,31.38988819814862,0.11048742482831242,0.5334382001008265,0.5334382001008265,0.5447282731682348,False,False,False
frame_000107.jpg,107,30.19476077160293,31.51905314312158,0.02650784665897855,0.5502233475142442,0.5502233475142442,0.5413439514983458,False,False,False
frame_000108.jpg,108,30.71704029705539,31.443232096097265,0.19458891984464444,0.5403703068799667,0.5403703068799667,0.5826587925113759,False,False,False
frame_000109.jpg,109,31.278106728735576,32.34366519537932,0.37515247512389766,0.6573827231399167,0.6573827231399167,0.6183239069158875,False,False,False
frame_000110.jpg,110,31.31287199289758,32.342402934347845,0.38634070408016513,0.6572186907277789,0.6572186907277789,0.6614724098240022,True,False,False
frame_000111.jpg,111,31.40727693467976,32.439340238585885,0.41672229699256713,0.669815815604311,0.669815815604311,0.6423851678829303,False,False,False
frame_000112.jpg,112,30.7685780019058,31.90302517698424,0.21117489022760863,0.6001209973167011,0.6001209973167011,0.620651950602113,False,False,False
frame_000113.jpg,113,30.529457736398307,31.840679045062565,0.1342207136071058,0.5920190388853268,0.5920190388853268,0.5735989131571535,False,False,False
frame_000114.jpg,114,30.367106286339684,31.353093658315046,0.08197243537819766,0.5286567032694327,0.5286567032694327,0.5804593664051534,False,False,False
frame_000115.jpg,115,30.8003624168212,32.06140270762644,0.2214038161364516,0.6207023570607005,0.6207023570607005,0.587699969847219,False,False,False
frame_000116.jpg,116,30.92037643606139,32.0078325627763,0.26002697513113054,0.6137408492115238,0.6137408492115238,0.623001847326546,False,False,False
frame_000117.jpg,117,31.104648009211715,32.168057915062874,0.31932963254601887,0.6345623357074137,0.6345623357074137,0.6476301119608713,True,False,False
frame_000118.jpg,118,31.76531960200868,32.629960439278406,0.5319483260404567,0.6945871509636763,0.6945871509636763,0.6427736510772871,False,False,False
frame_000119.jpg,119,30.55788776062096,31.89571835477893,0.14337012259053947,0.5991714665607715,0.5991714665607715,0.6242007077864316,False,False,False
frame_000120.jpg,120,30.49974144819666,31.739290778427844,0.124657356499242,0.5788435058348468,0.5788435058348468,0.5768631676710207,False,False,False
frame_000121.jpg,121,30.40242878189505,31.53714595033181,0.09333999368980966,0.5525745306174443,0.5525745306174443,0.5846684176501077,False,False,False
frame_000122.jpg,122,30.81829079965168,32.07590706433588,0.22717356524545584,0.6225872164980321,0.6225872164980321,0.6086068016110278,False,False,False
frame_000123.jpg,123,31.03009980534985,32.291922215775045,0.29533837595155227,0.6506586577176069,0.6506586577176069,0.646144425712783,False,False,False
frame_000124.jpg,124,31.291738104513712,32.40372371079458,0.37953935256811927,0.6651874029227102,0.6651874029227102,0.6640211462107122,True,False,False
frame_000125.jpg,125,31.352184734003146,32.48860149516934,0.3989924114377707,0.6762173779918194,0.6762173779918194,0.647004298703771,False,False,False
frame_000126.jpg,126,30.86179623258947,31.8990784502046,0.24117457332873382,0.5996081151967836,0.5996081151967836,0.6206690342231223,False,False,False
frame_000127.jpg,127,30.636698963252265,31.79575890052924,0.16873330623410013,0.5861816094807641,0.5861816094807641,0.5846282086759507,False,False,False
frame_000128.jpg,128,30.35147803054181,31.65657819494036,0.07694291789088807,0.5680949013503045,0.5680949013503045,0.571954401419832,False,False,False
frame_000129.jpg,129,30.6684173343626,31.60649628041217,0.1789409777894958,0.5615866934284276,0.5615866934284276,0.5937285794676896,False,False,False
frame_000130.jpg,130,31.392024435760472,32.29842839280933,0.41181370635827746,0.6515041436243371,0.6515041436243371,0.6208100837814019,False,False,False
frame_000131.jpg,131,31.32148496984552,32.28177038330377,0.38911255007102435,0.6493394142914412,0.6493394142914412,0.6470644962117652,True,False,False
frame_000132.jpg,132,31.499479501863547,32.21259457433979,0.44639511717309877,0.6403499307195174,0.6403499307195174,0.6264860875098899,False,False,False
frame_000133.jpg,133,31.01782049144916,31.82336392739675,0.29138662184703645,0.5897689175187111,0.5897689175187111,0.6027270772047564,False,False,False
frame_000134.jpg,134,30.67430074226049,31.7332798905325,0.18083438824361833,0.5780623833760405,0.5780623833760405,0.5796861465033196,False,False,False
frame_000135.jpg,135,30.153873573023866,31.68068136448655,0.013349444152637068,0.5712271386152071,0.5712271386152071,0.5737211078076236,False,False,False
frame_000136.jpg,136,30.918016624719623,31.685657559514286,0.2592675357820654,0.5718738014316235,0.5718738014316235,0.5915062089333583,False,False,False
frame_000137.jpg,137,31.193629860284616,32.143859235175206,0.3479659552305498,0.6314176867532441,0.6314176867532441,0.6186558323448109,False,False,False
frame_000138.jpg,138,31.45680697829744,32.307446121614696,0.43266215770026034,0.6526760088495652,0.6526760088495652,0.6566662544787372,False,False,False
frame_000139.jpg,139,31.64475408498488,32.56315013596966,0.49314768289253774,0.6859050678334025,0.6859050678334025,0.6652575295821386,True,False,False
frame_000140.jpg,140,31.410406273082103,32.34219378928666,0.4177293871260949,0.6571915120634478,0.6571915120634478,0.6431979873325383,False,False,False
frame_000141.jpg,141,30.850102661766563,31.798188831710764,0.23741132426859887,0.5864973821007647,0.5864973821007647,0.6019632440436499,False,False,False
frame_000142.jpg,142,30.509372814720404,31.611222241021416,0.1277569427220662,0.5622008379667371,0.5622008379667371,0.5742878980096994,False,False,False
frame_000143.jpg,143,30.856269090816536,31.70329242139184,0.23939581717313074,0.5741654739615963,0.5741654739615963,0.593179103934949,False,False,False
frame_000144.jpg,144,31.17163945847389,32.23430324531262,0.3408889588023848,0.6431709998765134,0.6431709998765134,0.6327636585606604,False,False,False
frame_000145.jpg,145,31.37901293892003,32.52505457637322,0.4076263196312204,0.6809545018438715,0.6809545018438715,0.683369774447923,True,False,False
frame_000146.jpg,146,31.89148468243961,32.87156387225473,0.5725510322235401,0.7259838216233843,0.7259838216233843,0.6809220256375772,False,False,False
frame_000147.jpg,147,31.31283510095908,32.17779554848836,0.3863288314404909,0.635827753445476,0.635827753445476,0.644669695864355,False,False,False
frame_000148.jpg,148,30.7652695861202,31.688148578772594,0.2101101690415611,0.5721975125242045,0.5721975125242045,0.5957099769091541,False,False,False
frame_000149.jpg,149,30.832023308304617,31.741300446682715,0.23159298947985846,0.5791046647577817,0.5791046647577817,0.5839158897259031,False,False,False
frame_000150.jpg,150,31.33781893595047,31.905522225321743,0.3943691807036719,0.6004454918957233,0.6004454918957233,0.6066902907288358,False,False,False
frame_000151.jpg,151,31.33302826088441,32.21390879640128,0.3928274357813733,0.6405207155330027,0.6405207155330027,0.6324846638815436,False,False,False
frame_000152.jpg,152,31.55905135773417,32.336778467844134,0.4655666545940261,0.6564877842159046,0.6564877842159046,0.6613959769800437,True,False,False
frame_000153.jpg,153,31.29737887620161,32.57295660766361,0.38135467733712247,0.6871794311912239,0.6871794311912239,0.6404913278477289,False,False,False
frame_000154.jpg,154,30.5924401318528,31.73131288198659,0.15448983790529527,0.5778067681360582,0.5778067681360582,0.6119314807182527,False,False,False
frame_000155.jpg,155,30.551445392797422,31.677457880650568,0.1412968265012488,0.5708082428274759,0.5708082428274759,0.5722125028590987,False,False,False
frame_000156.jpg,156,30.46558907688162,31.656021034230594,0.11366636998202416,0.568022497613762,0.568022497613762,0.5914878485104244,False,False,False
frame_000157.jpg,157,31.150455753861003,32.17629538331359,0.3340715753288555,0.6356328050900353,0.6356328050900353,0.6371849070264477,False,False,False
frame_000158.jpg,158,31.34925304203539,32.732400903181926,0.3980489282871276,0.7078994183755457,0.7078994183755457,0.6809951064409543,False,False,False
frame_000159.jpg,159,31.88382566089573,32.66740482322952,0.5700861901267104,0.6994530958572818,0.6994530958572818,0.711486215009223,True,False,False
frame_000160.jpg,160,31.65195892778852,32.88020025767355,0.4954663602512204,0.7271061307948417,0.7271061307948417,0.6905926703509804,False,False,False
frame_000161.jpg,161,31.023529076121605,32.25006134197293,0.29322377033047436,0.6452187844008176,0.6452187844008176,0.6643399158014578,False,False,False
frame_000162.jpg,162,30.80041969435504,32.06134480243986,0.22142224931042778,0.6206948322087141,0.6206948322087141,0.6278362669831596,False,False,False
frame_000163.jpg,163,30.92146619349361,32.037492414579106,0.26037768311372145,0.6175951843399474,0.6175951843399474,0.6264266872933353,False,False,False
frame_000164.jpg,164,31.62207352355616,32.21752037967093,0.4858485778738415,0.6409900453313442,0.6409900453313442,0.655416708293876,False,False,False
frame_000165.jpg,165,31.79529938460792,32.73059620221726,0.5415964814583575,0.7076648952103366,0.7076648952103366,0.6884186255090693,False,False,False
frame_000166.jpg,166,31.99860443108844,32.79936075855836,0.6070245304842202,0.7166009359855272,0.7166009359855272,0.7013944893342905,True,False,False
frame_000167.jpg,167,31.82981556216986,32.517075700040934,0.5527045488516791,0.6799176368070079,0.6799176368070079,0.6576059594749127,False,False,False
frame_000168.jpg,168,31.1021380104945,31.719712667430024,0.31852185958628293,0.5762993056322032,0.5762993056322032,0.612626504195034,False,False,False
frame_000169.jpg,169,31.03833043505756,31.760984021724603,0.29798717416562626,0.5816625701458908,0.5816625701458908,0.5830059611131092,False,False,False
frame_000170.jpg,170,30.987157359841166,31.83326833338277,0.28151854964290385,0.5910560075612338,0.5910560075612338,0.6082741101720442,False,False,False
frame_000171.jpg,171,31.04366297327196,32.30304250107039,0.29970330260298644,0.6521037528090082,0.6521037528090082,0.6581411279071194,False,False,False
frame_000172.jpg,172,31.46019237609727,32.91219296432249,0.4337516533967711,0.7312636233511164,0.7312636233511164,0.7012916779008888,True,False,False
frame_000173.jpg,173,31.62485743013449,32.82942373402756,0.48674450042590583,0.7205076575425418,0.7205076575425418,0.6921235816781353,False,False,False
frame_000174.jpg,174,31.03624590974903,32.09139169784202,0.29731632793508195,0.6245994641407475,0.6245994641407475,0.6333442087178744,False,False,False
frame_000175.jpg,175,30.60041290869673,31.55523714732056,0.15705565337936805,0.5549255044703342,0.5549255044703342,0.569083862719566,False,False,False
frame_000176.jpg,176,30.776087778948423,31.345936484785987,0.2135917021514828,0.5277266195476162,0.5277266195476162,0.5606262415941938,False,False,False
frame_000177.jpg,177,30.96977328233615,31.896142623105696,0.27592396999543484,0.599226600764631,0.599226600764631,0.605292517386289,False,False,False
frame_000178.jpg,178,31.819176270485134,32.586383954566585,0.5492805900764336,0.6889243318466198,0.6889243318466198,0.6845872058854463,False,False,False
frame_000179.jpg,179,32.04549645976227,33.17650022504625,0.6221154197863079,0.7656106850450882,0.7656106850450882,0.724706544753793,True,False,False
frame_000180.jpg,180,31.774285722121267,32.8223207619654,0.5348338212923133,0.719584617369671,0.719584617369671,0.7173886802590119,False,False,False
frame_000181.jpg,181,31.31453477116309,32.417446820770714,0.3868758228081956,0.6669707383622767,0.6669707383622767,0.6597480869536352,False,False,False
frame_000182.jpg,182,30.942005828999765,31.84583379493558,0.26698779094003516,0.5926889051289578,0.5926889051289578,0.6093477898551171,False,False,False
frame_000183.jpg,183,30.61816979540821,31.658800756866043,0.16277021125394006,0.5683837260741169,0.5683837260741169,0.6039852962817598,False,False,False
frame_000184.jpg,184,31.315243327604964,32.29365055549034,0.3871038519025007,0.650883257642205,0.650883257642205,0.6345041133650129,False,False,False
frame_000185.jpg,185,31.639745791199847,32.55037833638784,0.4915359034656341,0.6842453563787169,0.6842453563787169,0.6768631806258487,False,False,False
frame_000186.jpg,186,31.70583759588079,32.63668432090521,0.5128057042488962,0.6954609278566244,0.6954609278566244,0.6842042907415571,True,False,False
frame_000187.jpg,187,31.58596151307852,32.4631243278883,0.47422693624292445,0.6729065879893302,0.6729065879893302,0.651016351593724,False,False,False
frame_000188.jpg,188,30.91232696150367,31.78421556851678,0.2574364766407483,0.5846815389352172,0.5846815389352172,0.6115186648848476,False,False,False
frame_000189.jpg,189,30.714853052575933,31.72485738164941,0.19388501631882987,0.5769678677299953,0.5769678677299953,0.5947291644448541,False,False,False
frame_000190.jpg,190,31.120788983471304,32.07552900083355,0.32452415414527847,0.6225380866693498,0.6225380866693498,0.6189857915097137,False,False,False
frame_000191.jpg,191,31.579022299780988,32.344193831958975,0.47199374431930285,0.6574514201297962,0.6574514201297962,0.6692944406226559,False,False,False
frame_000192.jpg,192,31.77161546535641,32.88626164000156,0.5339744737574279,0.7278938150688216,0.7278938150688216,0.706729701691847,False,False,False
frame_000193.jpg,193,32.00317289905837,32.939743651492854,0.608494764260922,0.7348438698769232,0.7348438698769232,0.7103172555808994,True,False,False
frame_000194.jpg,194,31.30661880419434,32.42701458817645,0.38432829000522584,0.6682140817969536,0.6682140817969536,0.6657302003031673,False,False,False
frame_000195.jpg,195,31.00688501265533,31.85694368414297,0.28786734352596194,0.5941326492356255,0.5941326492356255,0.6208366066965256,False,False,False
frame_000196.jpg,196,30.84241890449766,31.90334908103973,0.23493852166976706,0.6001630890569978,0.6001630890569978,0.5928392281704367,False,False,False
frame_000197.jpg,197,31.0056261926556,31.780678913968657,0.2874622274794944,0.584221946218687,0.584221946218687,0.6022316597352002,False,False,False
frame_000198.jpg,198,31.76147850250381,32.073773398475154,0.5307121754821279,0.6223099439299158,0.6223099439299158,0.5879051848704218,False,False,False
frame_000199.jpg,199,31.788940368493304,31.57261412376082,0.5395500097878023,0.5571836644626627,0.5571836644626627,0.5825226068142082,False,False,False
frame_000200.jpg,200,31.45205205356437,31.65641898678665,0.43113191802379736,0.5680742120500462,0.5680742120500462,0.7084192921709029,False,False,False
frame_000201.jpg,201,,34.980171186208054,0.46933655306835703,1.0,1.0,0.7382228017962094,False,False,False
frame_000202.jpg,202,,32.26064537888283,0.5075411881129178,0.6465941933385821,0.6465941933385821,0.741484712829358,True,False,False
frame_000203.jpg,203,,31.73172208935575,0.5457458231574774,0.577859945149492,0.577859945149492,0.6028015322300374,False,False,False
frame_000204.jpg,204,,30.83136371340897,0.5839504582020382,0.460857239281151,0.5839504582020382,0.5946551655327097,False,False,False
frame_000205.jpg,205,,30.448305261474687,0.6221550932465989,0.4110783106018691,0.6221550932465989,0.6221550932465985,False,False,False
frame_000206.jpg,206,,30.41914421448698,0.6603597282911585,0.40728879578791777,0.6603597282911585,0.6603597282911585,False,False,False
frame_000207.jpg,207,,30.40483263223632,0.6985643633357181,0.40542898763449925,0.6985643633357181,0.6985643633357181,False,False,False
frame_000208.jpg,208,,30.77413687386761,0.7367689983802779,0.45342053934753707,0.7367689983802779,0.7367689983802785,False,False,False
frame_000209.jpg,209,,31.04480415369401,0.7749736334248397,0.4885940935407886,0.7749736334248397,0.7749736334248389,False,False,False
frame_000210.jpg,210,,32.10333980161903,0.8131782684693993,0.6261521352873182,0.8131782684693993,0.8131782684693993,False,False,False
frame_000211.jpg,211,32.75790095798134,32.61493605827637,0.851382903513959,0.6926347137140239,0.851382903513959,0.8881870573277861,True,False,False
frame_000212.jpg,212,33.21969992889291,33.24566834650724,1.0,0.7745991696163078,1.0,0.8522667907376749,False,False,False
frame_000213.jpg,213,,,0.6685278695148807,0.7054174686990655,0.7054174686990655,0.7805510788269628,False,False,False
frame_000214.jpg,214,31.159728467153712,32.180935297458355,0.33705573902976144,0.6362357677818232,0.6362357677818232,0.6493202327300387,False,False,False
frame_000215.jpg,215,31.139737028839058,31.95063121303246,0.3306220531533311,0.6063074617092272,0.6063074617092272,0.6171068834516554,False,False,False
frame_000216.jpg,216,31.119847390387264,31.969638024855023,0.32422112871855413,0.6087774208639158,0.6087774208639158,0.6219173723380698,False,False,False
frame_000217.jpg,217,32.13253052699244,32.29198821531538,0.6501249026606122,0.6506672344410663,0.6506672344410663,0.6473582116471935,False,False,False
frame_000218.jpg,218,32.08339048241952,32.5379477009655,0.6343105522492057,0.6826299796365985,0.6826299796365985,0.6736154494372013,False,False,False
frame_000219.jpg,219,32.16152408705377,32.575801543843944,0.6594556699089734,0.687549134233939,0.687549134233939,0.6868880979446101,True,False,False
frame_000220.jpg,220,31.558163996020703,32.598394981704786,0.46528108201873863,0.6904851799632931,0.6904851799632931,0.6540321536109374,False,False,False
frame_000221.jpg,221,30.886380470747472,31.779449225372524,0.24908632351551227,0.5840621466355801,0.5840621466355801,0.6085885931886087,False,False,False
frame_000222.jpg,222,30.877804572044354,31.52671067140392,0.24632641012181217,0.5512184529669532,0.5512184529669532,0.5670982334225706,False,False,False
frame_000223.jpg,223,31.04919310227123,31.640566032558088,0.30148302011392464,0.5660141006651785,0.5660141006651785,0.577994767060244,False,False,False
frame_000224.jpg,224,31.552366605206803,32.0310020058827,0.4634153537598473,0.6167517475486003,0.6167517475486003,0.6473498535432485,False,False,False
frame_000225.jpg,225,32.4717204802539,32.53538854213711,0.7592837124159668,0.6822974137209945,0.7592837124159668,0.6989975896276465,False,False,False
frame_000226.jpg,226,32.35262857150037,32.54893821861682,0.7209573089183725,0.6840582112590848,0.7209573089183725,0.7238993646466567,True,False,False
frame_000227.jpg,227,32.22832104782565,32.60587388293665,0.6809524054785945,0.691457072605631,0.691457072605631,0.6678215371660589,False,False,False
frame_000228.jpg,228,31.128844318568564,31.833223873736607,0.32711653868657325,0.591050229974173,0.591050229974173,0.6241825720265513,False,False,False
frame_000229.jpg,229,31.08869024646053,31.825453141307143,0.3141940724519528,0.5900404134998496,0.5900404134998496,0.5918290552559298,False,False,False
frame_000230.jpg,230,30.91612506158642,31.85897423819145,0.2586587890364377,0.5943965222937668,0.5943965222937668,0.5970677228948862,False,False,False
frame_000231.jpg,231,31.4452624535876,31.954161545712584,0.4289468749673838,0.6067662328910421,0.6067662328910421,0.6215386780012184,False,False,False
frame_000232.jpg,232,32.17394588592036,32.18045913191711,0.6634532788188465,0.6361738894695254,0.6634532788188465,0.6406584802879828,False,False,False
frame_000233.jpg,233,32.10128380563912,32.30036593099655,0.6400690184019874,0.6517559291540598,0.6517559291540598,0.6624403303846625,True,False,False
frame_000234.jpg,234,32.10843181638892,32.45700815167649,0.6423694059519848,0.6721117831810814,0.6721117831810814,0.6460493724415607,False,False,False
frame_000235.jpg,235,31.3628360235122,32.01198454849683,0.4024202313775671,0.614280404989541,0.614280404989541,0.6285593795144699,False,False,False
frame_000236.jpg,236,31.165438666198515,31.89659932978112,0.3388934070538386,0.5992859503727875,0.5992859503727875,0.601937392245911,False,False,False
frame_000237.jpg,237,31.04428989476117,31.842424180039952,0.29990505976859316,0.5922458213754047,0.5922458213754047,0.6021838442925666,False,False,False
frame_000238.jpg,238,31.41121306527079,32.01767403651752,0.4179890306508815,0.6150197611295075,0.6150197611295075,0.6185600255727273,False,False,False
frame_000239.jpg,239,31.733402837386294,32.274652945007944,0.5216768070761669,0.6484144942132698,0.6484144942132698,0.6408851184706226,False,False,False
frame_000240.jpg,240,31.846000964238662,32.35781186022818,0.5579133683000561,0.6592211000690906,0.6592211000690906,0.6618164359206189,True,False,False
frame_000241.jpg,241,31.89019175685483,32.500885604468216,0.5721349402474072,0.6778137134794961,0.6778137134794961,0.6406659558865884,False,False,False
frame_000242.jpg,242,30.950580222167364,31.78638188206271,0.26974721981919214,0.5849630541111783,0.5849630541111783,0.6154229434147015,False,False,False
frame_000243.jpg,243,30.896286373909486,31.77506231923636,0.25227426168502454,0.5834920626534301,0.5834920626534301,0.5824296386849048,False,False,False
frame_000244.jpg,244,30.88894978286889,31.73921608469496,0.24991318483722125,0.578833799290106,0.578833799290106,0.5801204971513239,False,False,False
frame_000245.jpg,245,31.098845086652744,31.7330740143794,0.3174621240495291,0.5780356295104355,0.5780356295104355,0.5832701971437342,False,False,False
frame_000246.jpg,246,31.2482691727269,31.84777496503817,0.36555009136046945,0.5929411626306609,0.5929411626306609,0.6047574085100536,False,False,False
frame_000247.jpg,247,31.56968472113807,32.235260785178404,0.46898870551771976,0.6432954333890645,0.6432954333890645,0.6440474541792344,False,False,False
frame_000248.jpg,248,31.98500450094811,32.64010744015465,0.6026477729399599,0.6959057665179779,0.6959057665179779,0.6512173384033578,False,False,False
frame_000249.jpg,249,31.180129519139136,32.01329588870866,0.34362124762184326,0.6144508153030313,0.6144508153030313,0.6392932502447264,False,False,False
frame_000250.jpg,250,31.248279046328523,31.959986314315334,0.36555326890329126,0.60752316891317,0.60752316891317,0.60183916357782,False,False,False
frame_000251.jpg,251,31.27144753447352,31.77545818968521,0.3730093995033311,0.5835435065172586,0.5835435065172586,0.5952761799959605,False,False,False
frame_000252.jpg,252,31.203402028928902,31.86178561733654,0.35111085468196895,0.5947618645574532,0.5947618645574532,0.6212145950557018,False,False,False
frame_000253.jpg,253,32.106663411137255,32.55878962620031,0.6418002941295945,0.6853384140923935,0.6853384140923935,0.6555454519336981,False,False,False
frame_000254.jpg,254,32.17787905388927,32.568005874308405,0.6647190590400052,0.6865360771512474,0.6865360771512474,0.6868007230877363,True,False,False
frame_000255.jpg,255,32.03354468971808,32.583331626905554,0.6182690765206864,0.688527678019568,0.688527678019568,0.6583503675761956,False,False,False
frame_000256.jpg,256,31.045553324486026,31.90199671632598,0.30031165932629983,0.5999873475577713,0.5999873475577713,0.6318295963609482,False,False,False
frame_000257.jpg,257,31.023437781796176,31.955758533795983,0.293194389802527,0.6069737635055051,0.6069737635055051,,False,False,False
