frame_name,left_temp,right_temp,frame_index,motion_coordinate_valid,motion_center_step_norm,motion_scale_step_log,motion_angle_step_rad,motion_score,motion_center_flag,motion_scale_flag,motion_angle_flag,motion_artifact_raw,motion_artifact,motion_center_threshold,motion_scale_threshold,motion_angle_threshold,left_missing_raw,right_missing_raw,left_quality_valid,right_quality_valid,quality_any_valid,left_temp_motion_filtered,right_temp_motion_filtered,left_temp_used,right_temp_used,left_repaired,right_repaired,left_motion_interpolated,right_motion_interpolated,left_norm,right_norm,fused_norm,fused_repaired,fusion_source,selected_fusion_mode,peak_retune_rule,edge_peak_completion,edge_peak_added,smoothing_method,butterworth_order,butterworth_cutoff_hz,rr_estimator,time_peak_count,spectral_count,autocorr_count,joint_count,joint_adjusted,smoothed_norm,is_peak,source_peak_rejected,quality_peak_rejected,mad_ibi_peak_rejected,motion_peak_rejected,motion_interval_peak_rejected,motion_reconstructed_peak,peak_number,event_source
frame_000000.jpg,,,0,False,,,,0.0,False,False,False,False,False,0.556983166929609,0.12,0.18,True,True,False,False,False,,,29.46361329121836,32.16468551206798,True,True,False,False,0.11679179648738296,0.0,0.11679179648738296,False,missing,max,none,none,0,moving_average,4,2.0,peak,5,-1,-1,5,False,,False,False,False,False,False,False,False,,
frame_000001.jpg,,,1,False,,,,0.0,False,False,False,False,False,0.556983166929609,0.12,0.18,True,True,False,False,False,,,29.46361329121836,32.16468551206798,True,True,False,False,0.11679179648738296,0.0,0.11679179648738296,False,missing,max,none,none,0,moving_average,4,2.0,peak,5,-1,-1,5,False,0.11679179648738296,False,False,False,False,False,False,False,,
frame_000002.jpg,,,2,False,,,,0.0,False,False,False,False,False,0.556983166929609,0.12,0.18,True,True,False,False,False,,,29.46361329121836,32.16468551206798,True,True,False,False,0.11679179648738296,0.0,0.11679179648738296,False,missing,max,none,none,0,moving_average,4,2.0,peak,5,-1,-1,5,False,0.11679179648738296,False,False,False,False,False,False,False,,
frame_000003.jpg,,,3,False,,,,0.0,False,False,False,False,False,0.556983166929609,0.12,0.18,True,True,False,False,False,,,29.46361329121836,32.16468551206798,True,True,False,False,0.11679179648738296,0.0,0.11679179648738296,False,missing,max,none,none,0,moving_average,4,2.0,peak,5,-1,-1,5,False,0.11679179648738296,False,False,False,False,False,False,False,,
frame_000004.jpg,,,4,False,,,,0.0,False,False,False,False,False,0.556983166929609,0.12,0.18,True,True,False,False,False,,,29.46361329121836,32.16468551206798,True,True,False,False,0.11679179648738296,0.0,0.11679179648738296,False,missing,max,none,none,0,moving_average,4,2.0,peak,5,-1,-1,5,False,0.11679179648738296,False,False,False,False,False,False,False,,
frame_000005.jpg,29.46361329121836,,5,True,,,,0.0,False,False,False,False,False,0.556983166929609,0.12,0.18,False,True,True,False,True,29.46361329121836,,29.46361329121836,32.16468551206798,False,True,False,False,0.11679179648738296,0.0,0.11679179648738296,False,left_only,max,none,none,0,moving_average,4,2.0,peak,5,-1,-1,5,False,0.115946764221528,False,False,False,False,False,False,False,,
frame_000006.jpg,,,6,False,,,,0.0,False,False,False,False,False,0.556983166929609,0.12,0.18,True,True,False,False,False,,,29.453451320092853,32.16468551206798,True,True,False,False,0.11425669968981808,0.0,0.11425669968981808,False,missing,max,none,none,0,moving_average,4,2.0,peak,5,-1,-1,5,False,0.11425669968981779,False,False,False,False,False,False,False,,
frame_000007.jpg,,,7,False,,,,0.0,False,False,False,False,False,0.556983166929609,0.12,0.18,True,True,False,False,False,,,29.443289348967344,32.16468551206798,True,True,False,False,0.11172160289225233,0.0,0.11172160289225233,False,missing,max,none,none,0,moving_average,4,2.0,peak,5,-1,-1,5,False,0.11172160289225262,False,False,False,False,False,False,False,,
frame_000008.jpg,,,8,False,,,,0.0,False,False,False,False,False,0.556983166929609,0.12,0.18,True,True,False,False,False,,,29.43312737784184,32.16468551206798,True,True,False,False,0.10918650609468745,0.0,0.10918650609468745,False,missing,max,none,none,0,moving_average,4,2.0,peak,5,-1,-1,5,False,0.10918650609468745,False,False,False,False,False,False,False,,
frame_000009.jpg,,,9,False,,,,0.0,False,False,False,False,False,0.556983166929609,0.12,0.18,True,True,False,False,False,,,29.422965406716333,32.16468551206798,True,True,False,False,0.10665140929712258,0.0,0.10665140929712258,False,missing,max,none,none,0,moving_average,4,2.0,peak,5,-1,-1,5,False,0.10665140929712227,False,False,False,False,False,False,False,,
frame_000010.jpg,,,10,False,,,,0.0,False,False,False,False,False,0.556983166929609,0.12,0.18,True,True,False,False,False,,,29.412803435590824,32.16468551206798,True,True,False,False,0.10411631249955682,0.0,0.10411631249955682,False,missing,max,none,none,0,moving_average,4,2.0,peak,5,-1,-1,5,False,0.1041163124995571,False,False,False,False,False,False,False,,
frame_000011.jpg,,,11,False,,,,0.0,False,False,False,False,False,0.556983166929609,0.12,0.18,True,True,False,False,False,,,29.40264146446532,32.16468551206798,True,True,False,False,0.10158121570199194,0.0,0.10158121570199194,False,missing,max,none,none,0,moving_average,4,2.0,peak,5,-1,-1,5,False,0.10158121570199194,False,False,False,False,False,False,False,,
frame_000012.jpg,,,12,False,,,,0.0,False,False,False,False,False,0.556983166929609,0.12,0.18,True,True,False,False,False,,,29.392479493339813,32.16468551206798,True,True,False,False,0.09904611890442706,0.0,0.09904611890442706,False,missing,max,none,none,0,moving_average,4,2.0,peak,5,-1,-1,5,False,0.09904611890442676,False,False,False,False,False,False,False,,
frame_000013.jpg,,,13,False,,,,0.0,False,False,False,False,False,0.556983166929609,0.12,0.18,True,True,False,False,False,,,29.382317522214304,32.16468551206798,True,True,False,False,0.0965110221068613,0.0,0.0965110221068613,False,missing,max,none,none,0,moving_average,4,2.0,peak,5,-1,-1,5,False,0.09651102210686158,False,False,False,False,False,False,False,,
frame_000014.jpg,,,14,False,,,,0.0,False,False,False,False,False,0.556983166929609,0.12,0.18,True,True,False,False,False,,,29.3721555510888,32.16468551206798,True,True,False,False,0.09397592530929642,0.0,0.09397592530929642,False,missing,max,none,none,0,moving_average,4,2.0,peak,5,-1,-1,5,False,0.09397592530929641,False,False,False,False,False,False,False,,
frame_000015.jpg,,,15,False,,,,0.0,False,False,False,False,False,0.556983166929609,0.12,0.18,True,True,False,False,False,,,29.361993579963293,32.16468551206798,True,True,False,False,0.09144082851173155,0.0,0.09144082851173155,False,missing,max,none,none,0,moving_average,4,2.0,peak,5,-1,-1,5,False,0.09144082851173124,False,False,False,False,False,False,False,,
frame_000016.jpg,,,16,False,,,,0.0,False,False,False,False,False,0.556983166929609,0.12,0.18,True,True,False,False,False,,,29.351831608837784,32.16468551206798,True,True,False,False,0.08890573171416578,0.0,0.08890573171416578,False,missing,max,none,none,0,moving_average,4,2.0,peak,5,-1,-1,5,False,0.08890573171416608,False,False,False,False,False,False,False,,
frame_000017.jpg,,,17,False,,,,0.0,False,False,False,False,False,0.556983166929609,0.12,0.18,True,True,False,False,False,,,29.34166963771228,32.16468551206798,True,True,False,False,0.08637063491660091,0.0,0.08637063491660091,False,missing,max,none,none,0,moving_average,4,2.0,peak,5,-1,-1,5,False,0.08637063491660091,False,False,False,False,False,False,False,,
frame_000018.jpg,,,18,False,,,,0.0,False,False,False,False,False,0.556983166929609,0.12,0.18,True,True,False,False,False,,,29.331507666586774,32.16468551206798,True,True,False,False,0.08383553811903603,0.0,0.08383553811903603,False,missing,max,none,none,0,moving_average,4,2.0,peak,5,-1,-1,5,False,0.08383553811903574,False,False,False,False,False,False,False,,
frame_000019.jpg,,,19,False,,,,0.0,False,False,False,False,False,0.556983166929609,0.12,0.18,True,True,False,False,False,,,29.321345695461265,32.16468551206798,True,True,False,False,0.08130044132147027,0.0,0.08130044132147027,False,missing,max,none,none,0,moving_average,4,2.0,peak,5,-1,-1,5,False,0.08130044132147056,False,False,False,False,False,False,False,,
frame_000020.jpg,29.31118372433576,,20,True,,,,0.0,False,False,False,False,False,0.556983166929609,0.12,0.18,False,True,True,False,True,29.31118372433576,,29.31118372433576,32.16468551206798,False,True,False,False,0.07876534452390539,0.0,0.07876534452390539,False,left_only,max,none,none,0,moving_average,4,2.0,peak,5,-1,-1,5,False,0.0772672753936644,False,False,False,False,False,False,False,,
frame_000021.jpg,29.28300665975093,,21,True,0.009003710832029615,3.33066907387547e-16,3.469446951953614e-18,0.01616513992992448,False,False,False,False,False,0.556983166929609,0.12,0.18,False,True,True,False,True,29.28300665975093,,29.28300665975093,32.16468551206798,False,True,False,False,0.07173604033561759,0.0,0.07173604033561759,False,left_only,max,none,none,0,moving_average,4,2.0,peak,5,-1,-1,5,False,0.0815330668133987,False,False,False,False,False,False,False,,
frame_000022.jpg,,,22,False,,,,0.0,False,False,False,False,False,0.556983166929609,0.12,0.18,True,True,False,False,False,,,29.3726441499539,32.16468551206798,True,True,False,False,0.09409781558067311,0.0,0.09409781558067311,False,missing,max,none,none,0,moving_average,4,2.0,peak,5,-1,-1,5,False,0.09409781558067311,False,False,False,False,False,False,False,,
frame_000023.jpg,,,23,False,,,,0.0,False,False,False,False,False,0.556983166929609,0.12,0.18,True,True,False,False,False,,,29.462281640156867,32.16468551206798,True,True,False,False,0.11645959082572864,0.0,0.11645959082572864,False,missing,max,none,none,0,moving_average,4,2.0,peak,5,-1,-1,5,False,0.11645959082572863,False,False,False,False,False,False,False,,
frame_000024.jpg,,,24,False,,,,0.0,False,False,False,False,False,0.556983166929609,0.12,0.18,True,True,False,False,False,,,29.551919130359835,32.16468551206798,True,True,False,False,0.13882136607078419,0.0,0.13882136607078419,False,missing,max,none,none,0,moving_average,4,2.0,peak,5,-1,-1,5,False,0.13882136607078416,False,False,False,False,False,False,False,,
frame_000025.jpg,,,25,False,,,,0.0,False,False,False,False,False,0.556983166929609,0.12,0.18,True,True,False,False,False,,,29.641556620562802,32.16468551206798,True,True,False,False,0.1611831413158397,0.0,0.1611831413158397,False,missing,max,none,none,0,moving_average,4,2.0,peak,5,-1,-1,5,False,0.16118314131583938,False,False,False,False,False,False,False,,
frame_000026.jpg,,,26,False,,,,0.0,False,False,False,False,False,0.556983166929609,0.12,0.18,True,True,False,False,False,,,29.731194110765767,32.16468551206798,True,True,False,False,0.18354491656089433,0.0,0.18354491656089433,False,missing,max,none,none,0,moving_average,4,2.0,peak,5,-1,-1,5,False,0.1835449165608946,False,False,False,False,False,False,False,,
frame_000027.jpg,,,27,False,,,,0.0,False,False,False,False,False,0.556983166929609,0.12,0.18,True,True,False,False,False,,,29.820831600968734,32.16468551206798,True,True,False,False,0.20590669180594987,0.0,0.20590669180594987,False,missing,max,none,none,0,moving_average,4,2.0,peak,5,-1,-1,5,False,0.20590669180594984,False,False,False,False,False,False,False,,
frame_000028.jpg,,,28,False,,,,0.0,False,False,False,False,False,0.556983166929609,0.12,0.18,True,True,False,False,False,,,29.910469091171702,32.16468551206798,True,True,False,False,0.2282684670510054,0.0,0.2282684670510054,False,missing,max,none,none,0,moving_average,4,2.0,peak,5,-1,-1,5,False,0.2282684670510054,False,False,False,False,False,False,False,,
frame_000029.jpg,30.00010658137467,,29,True,,,,0.0,False,False,False,False,False,0.556983166929609,0.12,0.18,False,True,True,False,True,30.00010658137467,,30.00010658137467,32.16468551206798,False,True,False,False,0.25063024229606096,0.0,0.25063024229606096,False,left_only,max,none,none,0,moving_average,4,2.0,peak,5,-1,-1,5,False,0.23470553390113622,True,False,False,False,False,False,False,1,
frame_000030.jpg,29.89824081965436,,30,True,0.011146629841128903,0.0,0.0,0.020012507563873294,False,False,False,False,False,0.556983166929609,0.12,0.18,False,True,True,False,True,29.89824081965436,,29.89824081965436,32.16468551206798,False,True,False,False,0.22521789235634232,0.0,0.22521789235634232,False,left_only,max,none,none,0,moving_average,4,2.0,peak,5,-1,-1,5,False,0.23242883828022173,False,False,False,False,False,False,False,,
frame_000031.jpg,,,31,False,,,,0.0,False,False,False,False,False,0.556983166929609,0.12,0.18,True,True,False,False,False,,,29.88309059203488,32.16468551206798,True,True,False,False,0.22143838018826195,0.0,0.22143838018826195,False,missing,max,none,none,0,moving_average,4,2.0,peak,5,-1,-1,5,False,0.22143838018826192,False,False,False,False,False,False,False,,
frame_000032.jpg,,,32,False,,,,0.0,False,False,False,False,False,0.556983166929609,0.12,0.18,True,True,False,False,False,,,29.867940364415396,32.16468551206798,True,True,False,False,0.21765886802018156,0.0,0.21765886802018156,False,missing,max,none,none,0,moving_average,4,2.0,peak,5,-1,-1,5,False,0.21765886802018156,False,False,False,False,False,False,False,,
frame_000033.jpg,,,33,False,,,,0.0,False,False,False,False,False,0.556983166929609,0.12,0.18,True,True,False,False,False,,,29.852790136795914,32.16468551206798,True,True,False,False,0.2138793558521012,0.0,0.2138793558521012,False,missing,max,none,none,0,moving_average,4,2.0,peak,5,-1,-1,5,False,0.21387935585210116,False,False,False,False,False,False,False,,
frame_000034.jpg,,,34,False,,,,0.0,False,False,False,False,False,0.556983166929609,0.12,0.18,True,True,False,False,False,,,29.83763990917643,32.16468551206798,True,True,False,False,0.21009984368402082,0.0,0.21009984368402082,False,missing,max,none,none,0,moving_average,4,2.0,peak,5,-1,-1,5,False,0.2100998436840208,False,False,False,False,False,False,False,,
frame_000035.jpg,,,35,False,,,,0.0,False,False,False,False,False,0.556983166929609,0.12,0.18,True,True,False,False,False,,,29.82248968155695,32.16468551206798,True,True,False,False,0.20632033151594042,0.0,0.20632033151594042,False,missing,max,none,none,0,moving_average,4,2.0,peak,5,-1,-1,5,False,0.20632033151594042,False,False,False,False,False,False,False,,
frame_000036.jpg,,,36,False,,,,0.0,False,False,False,False,False,0.556983166929609,0.12,0.18,True,True,False,False,False,,,29.807339453937466,32.16468551206798,True,True,False,False,0.20254081934786006,0.0,0.20254081934786006,False,missing,max,none,none,0,moving_average,4,2.0,peak,5,-1,-1,5,False,0.20254081934786003,False,False,False,False,False,False,False,,
frame_000037.jpg,,,37,False,,,,0.0,False,False,False,False,False,0.556983166929609,0.12,0.18,True,True,False,False,False,,,29.792189226317983,32.16468551206798,True,True,False,False,0.19876130717977966,0.0,0.19876130717977966,False,missing,max,none,none,0,moving_average,4,2.0,peak,5,-1,-1,5,False,0.1987613071797797,False,False,False,False,False,False,False,,
frame_000038.jpg,,,38,False,,,,0.0,False,False,False,False,False,0.556983166929609,0.12,0.18,True,True,False,False,False,,,29.7770389986985,32.16468551206798,True,True,False,False,0.1949817950116993,0.0,0.1949817950116993,False,missing,max,none,none,0,moving_average,4,2.0,peak,5,-1,-1,5,False,0.19498179501169927,False,False,False,False,False,False,False,,
frame_000039.jpg,,,39,False,,,,0.0,False,False,False,False,False,0.556983166929609,0.12,0.18,True,True,False,False,False,,,29.76188877107902,32.16468551206798,True,True,False,False,0.1912022828436189,0.0,0.1912022828436189,False,missing,max,none,none,0,moving_average,4,2.0,peak,5,-1,-1,5,False,0.1912022828436189,False,False,False,False,False,False,False,,
frame_000040.jpg,29.746738543459536,,40,True,,,,0.0,False,False,False,False,False,0.556983166929609,0.12,0.18,False,True,True,False,True,29.746738543459536,,29.746738543459536,32.16468551206798,False,True,False,False,0.18742277067553853,0.0,0.18742277067553853,False,left_only,max,none,none,0,moving_average,4,2.0,peak,5,-1,-1,5,False,0.1964708096601103,False,False,False,False,False,False,False,,
frame_000041.jpg,29.84039588996344,,41,True,0.01879022042441107,0.0,1.5300261058115439e-15,0.033735706103997495,False,False,False,False,False,0.556983166929609,0.12,0.18,False,True,True,False,True,29.84039588996344,,29.84039588996344,32.16468551206798,False,True,False,False,0.21078737546117354,0.0,0.21078737546117354,False,left_only,max,none,none,0,moving_average,4,2.0,peak,5,-1,-1,5,False,0.20234548069858269,False,False,False,False,False,False,False,,
frame_000042.jpg,,,42,False,,,,0.0,False,False,False,False,False,0.556983166929609,0.12,0.18,True,True,False,False,False,,,29.83253487523032,32.16468551206798,True,True,False,False,0.208826295959036,0.0,0.208826295959036,False,missing,max,none,none,0,moving_average,4,2.0,peak,5,-1,-1,5,False,0.20882629595903568,True,False,False,False,False,False,False,2,
frame_000043.jpg,,,43,False,,,,0.0,False,False,False,False,False,0.556983166929609,0.12,0.18,True,True,False,False,False,,,29.824673860497196,32.16468551206798,True,True,False,False,0.2068652164568976,0.0,0.2068652164568976,False,missing,max,none,none,0,moving_average,4,2.0,peak,5,-1,-1,5,False,0.20686521645689787,False,False,False,False,False,False,False,,
frame_000044.jpg,,,44,False,,,,0.0,False,False,False,False,False,0.556983166929609,0.12,0.18,True,True,False,False,False,,,29.816812845764076,32.16468551206798,True,True,False,False,0.20490413695476006,0.0,0.20490413695476006,False,missing,max,none,none,0,moving_average,4,2.0,peak,5,-1,-1,5,False,0.20490413695475976,False,False,False,False,False,False,False,,
frame_000045.jpg,,,45,False,,,,0.0,False,False,False,False,False,0.556983166929609,0.12,0.18,True,True,False,False,False,,,29.808951831030953,32.16468551206798,True,True,False,False,0.20294305745262164,0.0,0.20294305745262164,False,missing,max,none,none,0,moving_average,4,2.0,peak,5,-1,-1,5,False,0.20294305745262192,False,False,False,False,False,False,False,,
frame_000046.jpg,,,46,False,,,,0.0,False,False,False,False,False,0.556983166929609,0.12,0.18,True,True,False,False,False,,,29.801090816297833,32.16468551206798,True,True,False,False,0.20098197795048411,0.0,0.20098197795048411,False,missing,max,none,none,0,moving_average,4,2.0,peak,5,-1,-1,5,False,0.20098197795048411,False,False,False,False,False,False,False,,
frame_000047.jpg,,,47,False,,,,0.0,False,False,False,False,False,0.556983166929609,0.12,0.18,True,True,False,False,False,,,29.793229801564713,32.16468551206798,True,True,False,False,0.19902089844834658,0.0,0.19902089844834658,False,missing,max,none,none,0,moving_average,4,2.0,peak,5,-1,-1,5,False,0.19902089844834628,False,False,False,False,False,False,False,,
frame_000048.jpg,,,48,False,,,,0.0,False,False,False,False,False,0.556983166929609,0.12,0.18,True,True,False,False,False,,,29.78536878683159,32.16468551206798,True,True,False,False,0.19705981894620817,0.0,0.19705981894620817,False,missing,max,none,none,0,moving_average,4,2.0,peak,5,-1,-1,5,False,0.19705981894620844,False,False,False,False,False,False,False,,
frame_000049.jpg,,,49,False,,,,0.0,False,False,False,False,False,0.556983166929609,0.12,0.18,True,True,False,False,False,,,29.77750777209847,32.16468551206798,True,True,False,False,0.19509873944407063,0.0,0.19509873944407063,False,missing,max,none,none,0,moving_average,4,2.0,peak,5,-1,-1,5,False,0.19509873944407063,False,False,False,False,False,False,False,,
frame_000050.jpg,,,50,False,,,,0.0,False,False,False,False,False,0.556983166929609,0.12,0.18,True,True,False,False,False,,,29.76964675736535,32.16468551206798,True,True,False,False,0.19313765994193313,0.0,0.19313765994193313,False,missing,max,none,none,0,moving_average,4,2.0,peak,5,-1,-1,5,False,0.1931376599419328,False,False,False,False,False,False,False,,
frame_000051.jpg,,,51,False,,,,0.0,False,False,False,False,False,0.556983166929609,0.12,0.18,True,True,False,False,False,,,29.761785742632227,32.16468551206798,True,True,False,False,0.1911765804397947,0.0,0.1911765804397947,False,missing,max,none,none,0,moving_average,4,2.0,peak,5,-1,-1,5,False,0.191176580439795,False,False,False,False,False,False,False,,
frame_000052.jpg,,,52,False,,,,0.0,False,False,False,False,False,0.556983166929609,0.12,0.18,True,True,False,False,False,,,29.753924727899108,32.16468551206798,True,True,False,False,0.18921550093765718,0.0,0.18921550093765718,False,missing,max,none,none,0,moving_average,4,2.0,peak,5,-1,-1,5,False,0.18921550093765688,False,False,False,False,False,False,False,,
frame_000053.jpg,,,53,False,,,,0.0,False,False,False,False,False,0.556983166929609,0.12,0.18,True,True,False,False,False,,,29.746063713165984,32.16468551206798,True,True,False,False,0.18725442143551876,0.0,0.18725442143551876,False,missing,max,none,none,0,moving_average,4,2.0,peak,5,-1,-1,5,False,0.18725442143551904,False,False,False,False,False,False,False,,
frame_000054.jpg,,,54,False,,,,0.0,False,False,False,False,False,0.556983166929609,0.12,0.18,True,True,False,False,False,,,29.738202698432865,32.16468551206798,True,True,False,False,0.18529334193338123,0.0,0.18529334193338123,False,missing,max,none,none,0,moving_average,4,2.0,peak,5,-1,-1,5,False,0.18529334193338123,False,False,False,False,False,False,False,,
frame_000055.jpg,,,55,False,,,,0.0,False,False,False,False,False,0.556983166929609,0.12,0.18,True,True,False,False,False,,,29.730341683699745,32.16468551206798,True,True,False,False,0.1833322624312437,0.0,0.1833322624312437,False,missing,max,none,none,0,moving_average,4,2.0,peak,5,-1,-1,5,False,0.1833322624312434,False,False,False,False,False,False,False,,
frame_000056.jpg,,,56,False,,,,0.0,False,False,False,False,False,0.556983166929609,0.12,0.18,True,True,False,False,False,,,29.72248066896662,32.16468551206798,True,True,False,False,0.18137118292910528,0.0,0.18137118292910528,False,missing,max,none,none,0,moving_average,4,2.0,peak,5,-1,-1,5,False,0.1813711829291056,False,False,False,False,False,False,False,,
frame_000057.jpg,,,57,False,,,,0.0,False,False,False,False,False,0.556983166929609,0.12,0.18,True,True,False,False,False,,,29.714619654233502,32.16468551206798,True,True,False,False,0.17941010342696775,0.0,0.17941010342696775,False,missing,max,none,none,0,moving_average,4,2.0,peak,5,-1,-1,5,False,0.17941010342696745,False,False,False,False,False,False,False,,
frame_000058.jpg,,,58,False,,,,0.0,False,False,False,False,False,0.556983166929609,0.12,0.18,True,True,False,False,False,,,29.70675863950038,32.16468551206798,True,True,False,False,0.17744902392482934,0.0,0.17744902392482934,False,missing,max,none,none,0,moving_average,4,2.0,peak,5,-1,-1,5,False,0.17744902392482964,False,False,False,False,False,False,False,,
frame_000059.jpg,,,59,False,,,,0.0,False,False,False,False,False,0.556983166929609,0.12,0.18,True,True,False,False,False,,,29.69889762476726,32.16468551206798,True,True,False,False,0.1754879444226918,0.0,0.1754879444226918,False,missing,max,none,none,0,moving_average,4,2.0,peak,5,-1,-1,5,False,0.1754879444226918,False,False,False,False,False,False,False,,
frame_000060.jpg,,,60,False,,,,0.0,False,False,False,False,False,0.556983166929609,0.12,0.18,True,True,False,False,False,,,29.69103661003414,32.16468551206798,True,True,False,False,0.17352686492055427,0.0,0.17352686492055427,False,missing,max,none,none,0,moving_average,4,2.0,peak,5,-1,-1,5,False,0.17352686492055397,False,False,False,False,False,False,False,,
frame_000061.jpg,,,61,False,,,,0.0,False,False,False,False,False,0.556983166929609,0.12,0.18,True,True,False,False,False,,,29.683175595301016,32.16468551206798,True,True,False,False,0.17156578541841588,0.0,0.17156578541841588,False,missing,max,none,none,0,moving_average,4,2.0,peak,5,-1,-1,5,False,0.17156578541841616,False,False,False,False,False,False,False,,
frame_000062.jpg,,,62,False,,,,0.0,False,False,False,False,False,0.556983166929609,0.12,0.18,True,True,False,False,False,,,29.675314580567896,32.16468551206798,True,True,False,False,0.16960470591627835,0.0,0.16960470591627835,False,missing,max,none,none,0,moving_average,4,2.0,peak,5,-1,-1,5,False,0.16960470591627835,False,False,False,False,False,False,False,,
frame_000063.jpg,,,63,False,,,,0.0,False,False,False,False,False,0.556983166929609,0.12,0.18,True,True,False,False,False,,,29.667453565834776,32.16468551206798,True,True,False,False,0.16764362641414082,0.0,0.16764362641414082,False,missing,max,none,none,0,moving_average,4,2.0,peak,5,-1,-1,5,False,0.16764362641414052,False,False,False,False,False,False,False,,
frame_000064.jpg,,,64,False,,,,0.0,False,False,False,False,False,0.556983166929609,0.12,0.18,True,True,False,False,False,,,29.659592551101653,32.16468551206798,True,True,False,False,0.1656825469120024,0.0,0.1656825469120024,False,missing,max,none,none,0,moving_average,4,2.0,peak,5,-1,-1,5,False,0.16568254691200268,False,False,False,False,False,False,False,,
frame_000065.jpg,,,65,False,,,,0.0,False,False,False,False,False,0.556983166929609,0.12,0.18,True,True,False,False,False,,,29.651731536368533,32.16468551206798,True,True,False,False,0.16372146740986487,0.0,0.16372146740986487,False,missing,max,none,none,0,moving_average,4,2.0,peak,5,-1,-1,5,False,0.16372146740986457,False,False,False,False,False,False,False,,
frame_000066.jpg,,,66,False,,,,0.0,False,False,False,False,False,0.556983166929609,0.12,0.18,True,True,False,False,False,,,29.64387052163541,32.16468551206798,True,True,False,False,0.16176038790772646,0.0,0.16176038790772646,False,missing,max,none,none,0,moving_average,4,2.0,peak,5,-1,-1,5,False,0.16176038790772673,False,False,False,False,False,False,False,,
frame_000067.jpg,,,67,False,,,,0.0,False,False,False,False,False,0.556983166929609,0.12,0.18,True,True,False,False,False,,,29.63600950690229,32.16468551206798,True,True,False,False,0.15979930840558892,0.0,0.15979930840558892,False,missing,max,none,none,0,moving_average,4,2.0,peak,5,-1,-1,5,False,0.15979930840558892,False,False,False,False,False,False,False,,
frame_000068.jpg,,,68,False,,,,0.0,False,False,False,False,False,0.556983166929609,0.12,0.18,True,True,False,False,False,,,29.62814849216917,32.16468551206798,True,True,False,False,0.1578382289034514,0.0,0.1578382289034514,False,missing,max,none,none,0,moving_average,4,2.0,peak,5,-1,-1,5,False,0.1578382289034511,False,False,False,False,False,False,False,,
frame_000069.jpg,,,69,False,,,,0.0,False,False,False,False,False,0.556983166929609,0.12,0.18,True,True,False,False,False,,,29.620287477436047,32.16468551206798,True,True,False,False,0.15587714940131298,0.0,0.15587714940131298,False,missing,max,none,none,0,moving_average,4,2.0,peak,5,-1,-1,5,False,0.15587714940131325,False,False,False,False,False,False,False,,
frame_000070.jpg,,,70,False,,,,0.0,False,False,False,False,False,0.556983166929609,0.12,0.18,True,True,False,False,False,,,29.612426462702928,32.16468551206798,True,True,False,False,0.15391606989917545,0.0,0.15391606989917545,False,missing,max,none,none,0,moving_average,4,2.0,peak,5,-1,-1,5,False,0.15391606989917514,False,False,False,False,False,False,False,,
frame_000071.jpg,,,71,False,,,,0.0,False,False,False,False,False,0.556983166929609,0.12,0.18,True,True,False,False,False,,,29.604565447969804,32.16468551206798,True,True,False,False,0.15195499039703703,0.0,0.15195499039703703,False,missing,max,none,none,0,moving_average,4,2.0,peak,5,-1,-1,5,False,0.1519549903970373,False,False,False,False,False,False,False,,
frame_000072.jpg,,,72,False,,,,0.0,False,False,False,False,False,0.556983166929609,0.12,0.18,True,True,False,False,False,,,29.596704433236685,32.16468551206798,True,True,False,False,0.1499939108948995,0.0,0.1499939108948995,False,missing,max,none,none,0,moving_average,4,2.0,peak,5,-1,-1,5,False,0.1499939108948995,False,False,False,False,False,False,False,,
frame_000073.jpg,,,73,False,,,,0.0,False,False,False,False,False,0.556983166929609,0.12,0.18,True,True,False,False,False,,,29.588843418503565,32.16468551206798,True,True,False,False,0.14803283139276197,0.0,0.14803283139276197,False,missing,max,none,none,0,moving_average,4,2.0,peak,5,-1,-1,5,False,0.1480328313927617,False,False,False,False,False,False,False,,
frame_000074.jpg,,,74,False,,,,0.0,False,False,False,False,False,0.556983166929609,0.12,0.18,True,True,False,False,False,,,29.58098240377044,32.16468551206798,True,True,False,False,0.14607175189062357,0.0,0.14607175189062357,False,missing,max,none,none,0,moving_average,4,2.0,peak,5,-1,-1,5,False,0.14607175189062385,False,False,False,False,False,False,False,,
frame_000075.jpg,,,75,False,,,,0.0,False,False,False,False,False,0.556983166929609,0.12,0.18,True,True,False,False,False,,,29.573121389037322,32.16468551206798,True,True,False,False,0.14411067238848604,0.0,0.14411067238848604,False,missing,max,none,none,0,moving_average,4,2.0,peak,5,-1,-1,5,False,0.14411067238848602,False,False,False,False,False,False,False,,
frame_000076.jpg,,,76,False,,,,0.0,False,False,False,False,False,0.556983166929609,0.12,0.18,True,True,False,False,False,,,29.565260374304202,32.16468551206798,True,True,False,False,0.1421495928863485,0.0,0.1421495928863485,False,missing,max,none,none,0,moving_average,4,2.0,peak,5,-1,-1,5,False,0.1421495928863482,False,False,False,False,False,False,False,,
frame_000077.jpg,,,77,False,,,,0.0,False,False,False,False,False,0.556983166929609,0.12,0.18,True,True,False,False,False,,,29.55739935957108,32.16468551206798,True,True,False,False,0.1401885133842101,0.0,0.1401885133842101,False,missing,max,none,none,0,moving_average,4,2.0,peak,5,-1,-1,5,False,0.1401885133842104,False,False,False,False,False,False,False,,
frame_000078.jpg,,,78,False,,,,0.0,False,False,False,False,False,0.556983166929609,0.12,0.18,True,True,False,False,False,,,29.54953834483796,32.16468551206798,True,True,False,False,0.13822743388207256,0.0,0.13822743388207256,False,missing,max,none,none,0,moving_average,4,2.0,peak,5,-1,-1,5,False,0.13822743388207226,False,False,False,False,False,False,False,,
frame_000079.jpg,,,79,False,,,,0.0,False,False,False,False,False,0.556983166929609,0.12,0.18,True,True,False,False,False,,,29.541677330104836,32.16468551206798,True,True,False,False,0.13626635437993415,0.0,0.13626635437993415,False,missing,max,none,none,0,moving_average,4,2.0,peak,5,-1,-1,5,False,0.13626635437993442,False,False,False,False,False,False,False,,
frame_000080.jpg,,,80,False,,,,0.0,False,False,False,False,False,0.556983166929609,0.12,0.18,True,True,False,False,False,,,29.533816315371716,32.16468551206798,True,True,False,False,0.13430527487779662,0.0,0.13430527487779662,False,missing,max,none,none,0,moving_average,4,2.0,peak,5,-1,-1,5,False,0.13430527487779662,False,False,False,False,False,False,False,,
frame_000081.jpg,,,81,False,,,,0.0,False,False,False,False,False,0.556983166929609,0.12,0.18,True,True,False,False,False,,,29.525955300638596,32.16468551206798,True,True,False,False,0.13234419537565908,0.0,0.13234419537565908,False,missing,max,none,none,0,moving_average,4,2.0,peak,5,-1,-1,5,False,0.13234419537565878,False,False,False,False,False,False,False,,
frame_000082.jpg,,,82,False,,,,0.0,False,False,False,False,False,0.556983166929609,0.12,0.18,True,True,False,False,False,,,29.518094285905473,32.16468551206798,True,True,False,False,0.13038311587352067,0.0,0.13038311587352067,False,missing,max,none,none,0,moving_average,4,2.0,peak,5,-1,-1,5,False,0.13038311587352097,False,False,False,False,False,False,False,,
frame_000083.jpg,,,83,False,,,,0.0,False,False,False,False,False,0.556983166929609,0.12,0.18,True,True,False,False,False,,,29.510233271172353,32.16468551206798,True,True,False,False,0.12842203637138314,0.0,0.12842203637138314,False,missing,max,none,none,0,moving_average,4,2.0,peak,5,-1,-1,5,False,0.12842203637138283,False,False,False,False,False,False,False,,
frame_000084.jpg,,,84,False,,,,0.0,False,False,False,False,False,0.556983166929609,0.12,0.18,True,True,False,False,False,,,29.50237225643923,32.16468551206798,True,True,False,False,0.12646095686924472,0.0,0.12646095686924472,False,missing,max,none,none,0,moving_average,4,2.0,peak,5,-1,-1,5,False,0.12646095686924502,False,False,False,False,False,False,False,,
frame_000085.jpg,,,85,False,,,,0.0,False,False,False,False,False,0.556983166929609,0.12,0.18,True,True,False,False,False,,,29.49451124170611,32.16468551206798,True,True,False,False,0.1244998773671072,0.0,0.1244998773671072,False,missing,max,none,none,0,moving_average,4,2.0,peak,5,-1,-1,5,False,0.12449987736710719,False,False,False,False,False,False,False,,
frame_000086.jpg,,,86,False,,,,0.0,False,False,False,False,False,0.556983166929609,0.12,0.18,True,True,False,False,False,,,29.48665022697299,32.16468551206798,True,True,False,False,0.12253879786496967,0.0,0.12253879786496967,False,missing,max,none,none,0,moving_average,4,2.0,peak,5,-1,-1,5,False,0.12253879786496936,False,False,False,False,False,False,False,,
frame_000087.jpg,,,87,False,,,,0.0,False,False,False,False,False,0.556983166929609,0.12,0.18,True,True,False,False,False,,,29.478789212239867,32.16468551206798,True,True,False,False,0.12057771836283125,0.0,0.12057771836283125,False,missing,max,none,none,0,moving_average,4,2.0,peak,5,-1,-1,5,False,0.12057771836283154,False,False,False,False,False,False,False,,
frame_000088.jpg,,,88,False,,,,0.0,False,False,False,False,False,0.556983166929609,0.12,0.18,True,True,False,False,False,,,29.470928197506748,32.16468551206798,True,True,False,False,0.11861663886069372,0.0,0.11861663886069372,False,missing,max,none,none,0,moving_average,4,2.0,peak,5,-1,-1,5,False,0.11861663886069372,False,False,False,False,False,False,False,,
frame_000089.jpg,,,89,False,,,,0.0,False,False,False,False,False,0.556983166929609,0.12,0.18,True,True,False,False,False,,,29.463067182773628,32.16468551206798,True,True,False,False,0.1166555593585562,0.0,0.1166555593585562,False,missing,max,none,none,0,moving_average,4,2.0,peak,5,-1,-1,5,False,0.1166555593585559,False,False,False,False,False,False,False,,
frame_000090.jpg,,,90,False,,,,0.0,False,False,False,False,False,0.556983166929609,0.12,0.18,True,True,False,False,False,,,29.455206168040505,32.16468551206798,True,True,False,False,0.11469447985641779,0.0,0.11469447985641779,False,missing,max,none,none,0,moving_average,4,2.0,peak,5,-1,-1,5,False,0.11469447985641808,False,False,False,False,False,False,False,,
frame_000091.jpg,,,91,False,,,,0.0,False,False,False,False,False,0.556983166929609,0.12,0.18,True,True,False,False,False,,,29.447345153307385,32.16468551206798,True,True,False,False,0.11273340035428026,0.0,0.11273340035428026,False,missing,max,none,none,0,moving_average,4,2.0,peak,5,-1,-1,5,False,0.11273340035427995,False,False,False,False,False,False,False,,
frame_000092.jpg,,,92,False,,,,0.0,False,False,False,False,False,0.556983166929609,0.12,0.18,True,True,False,False,False,,,29.43948413857426,32.16468551206798,True,True,False,False,0.11077232085214184,0.0,0.11077232085214184,False,missing,max,none,none,0,moving_average,4,2.0,peak,5,-1,-1,5,False,0.11077232085214211,False,False,False,False,False,False,False,,
frame_000093.jpg,,,93,False,,,,0.0,False,False,False,False,False,0.556983166929609,0.12,0.18,True,True,False,False,False,,,29.431623123841142,32.16468551206798,True,True,False,False,0.1088112413500043,0.0,0.1088112413500043,False,missing,max,none,none,0,moving_average,4,2.0,peak,5,-1,-1,5,False,0.1088112413500043,False,False,False,False,False,False,False,,
frame_000094.jpg,,,94,False,,,,0.0,False,False,False,False,False,0.556983166929609,0.12,0.18,True,True,False,False,False,,,29.423762109108022,32.16468551206798,True,True,False,False,0.10685016184786678,0.0,0.10685016184786678,False,missing,max,none,none,0,moving_average,4,2.0,peak,5,-1,-1,5,False,0.10685016184786647,False,False,False,False,False,False,False,,
frame_000095.jpg,,,95,False,,,,0.0,False,False,False,False,False,0.556983166929609,0.12,0.18,True,True,False,False,False,,,29.4159010943749,32.16468551206798,True,True,False,False,0.10488908234572837,0.0,0.10488908234572837,False,missing,max,none,none,0,moving_average,4,2.0,peak,5,-1,-1,5,False,0.10488908234572866,False,False,False,False,False,False,False,,
frame_000096.jpg,,,96,False,,,,0.0,False,False,False,False,False,0.556983166929609,0.12,0.18,True,True,False,False,False,,,29.40804007964178,32.16468551206798,True,True,False,False,0.10292800284359084,0.0,0.10292800284359084,False,missing,max,none,none,0,moving_average,4,2.0,peak,5,-1,-1,5,False,0.10292800284359054,False,False,False,False,False,False,False,,
frame_000097.jpg,,,97,False,,,,0.0,False,False,False,False,False,0.556983166929609,0.12,0.18,True,True,False,False,False,,,29.400179064908656,32.16468551206798,True,True,False,False,0.10096692334145242,0.0,0.10096692334145242,False,missing,max,none,none,0,moving_average,4,2.0,peak,5,-1,-1,5,False,0.10096692334145271,False,False,False,False,False,False,False,,
frame_000098.jpg,,,98,False,,,,0.0,False,False,False,False,False,0.556983166929609,0.12,0.18,True,True,False,False,False,,,29.392318050175536,32.16468551206798,True,True,False,False,0.09900584383931489,0.0,0.09900584383931489,False,missing,max,none,none,0,moving_average,4,2.0,peak,5,-1,-1,5,False,0.09900584383931488,False,False,False,False,False,False,False,,
frame_000099.jpg,,,99,False,,,,0.0,False,False,False,False,False,0.556983166929609,0.12,0.18,True,True,False,False,False,,,29.384457035442416,32.16468551206798,True,True,False,False,0.09704476433717736,0.0,0.09704476433717736,False,missing,max,none,none,0,moving_average,4,2.0,peak,5,-1,-1,5,False,0.09704476433717706,False,False,False,False,False,False,False,,
frame_000100.jpg,,,100,False,,,,0.0,False,False,False,False,False,0.556983166929609,0.12,0.18,True,True,False,False,False,,,29.376596020709293,32.16468551206798,True,True,False,False,0.09508368483503894,0.0,0.09508368483503894,False,missing,max,none,none,0,moving_average,4,2.0,peak,5,-1,-1,5,False,0.09508368483503923,False,False,False,False,False,False,False,,
frame_000101.jpg,,,101,False,,,,0.0,False,False,False,False,False,0.556983166929609,0.12,0.18,True,True,False,False,False,,,29.368735005976173,32.16468551206798,True,True,False,False,0.09312260533290143,0.0,0.09312260533290143,False,missing,max,none,none,0,moving_average,4,2.0,peak,5,-1,-1,5,False,0.09312260533290141,False,False,False,False,False,False,False,,
frame_000102.jpg,,,102,False,,,,0.0,False,False,False,False,False,0.556983166929609,0.12,0.18,True,True,False,False,False,,,29.360873991243054,32.16468551206798,True,True,False,False,0.0911615258307639,0.0,0.0911615258307639,False,missing,max,none,none,0,moving_average,4,2.0,peak,5,-1,-1,5,False,0.09116152583076359,False,False,False,False,False,False,False,,
frame_000103.jpg,,,103,False,,,,0.0,False,False,False,False,False,0.556983166929609,0.12,0.18,True,True,False,False,False,,,29.35301297650993,32.16468551206798,True,True,False,False,0.08920044632862548,0.0,0.08920044632862548,False,missing,max,none,none,0,moving_average,4,2.0,peak,5,-1,-1,5,False,0.08920044632862577,False,False,False,False,False,False,False,,
frame_000104.jpg,,,104,False,,,,0.0,False,False,False,False,False,0.556983166929609,0.12,0.18,True,True,False,False,False,,,29.34515196177681,32.16468551206798,True,True,False,False,0.08723936682648795,0.0,0.08723936682648795,False,missing,max,none,none,0,moving_average,4,2.0,peak,5,-1,-1,5,False,0.08723936682648764,False,False,False,False,False,False,False,,
frame_000105.jpg,,,105,False,,,,0.0,False,False,False,False,False,0.556983166929609,0.12,0.18,True,True,False,False,False,,,29.337290947043687,32.16468551206798,True,True,False,False,0.08527828732434953,0.0,0.08527828732434953,False,missing,max,none,none,0,moving_average,4,2.0,peak,5,-1,-1,5,False,0.08527828732434982,False,False,False,False,False,False,False,,
frame_000106.jpg,,,106,False,,,,0.0,False,False,False,False,False,0.556983166929609,0.12,0.18,True,True,False,False,False,,,29.329429932310568,32.16468551206798,True,True,False,False,0.083317207822212,0.0,0.083317207822212,False,missing,max,none,none,0,moving_average,4,2.0,peak,5,-1,-1,5,False,0.083317207822212,False,False,False,False,False,False,False,,
frame_000107.jpg,,,107,False,,,,0.0,False,False,False,False,False,0.556983166929609,0.12,0.18,True,True,False,False,False,,,29.321568917577448,32.16468551206798,True,True,False,False,0.08135612832007448,0.0,0.08135612832007448,False,missing,max,none,none,0,moving_average,4,2.0,peak,5,-1,-1,5,False,0.08135612832007418,False,False,False,False,False,False,False,,
frame_000108.jpg,,,108,False,,,,0.0,False,False,False,False,False,0.556983166929609,0.12,0.18,True,True,False,False,False,,,29.313707902844325,32.16468551206798,True,True,False,False,0.07939504881793606,0.0,0.07939504881793606,False,missing,max,none,none,0,moving_average,4,2.0,peak,5,-1,-1,5,False,0.07939504881793635,False,False,False,False,False,False,False,,
frame_000109.jpg,,,109,False,,,,0.0,False,False,False,False,False,0.556983166929609,0.12,0.18,True,True,False,False,False,,,29.305846888111205,32.16468551206798,True,True,False,False,0.07743396931579853,0.0,0.07743396931579853,False,missing,max,none,none,0,moving_average,4,2.0,peak,5,-1,-1,5,False,0.07743396931579852,False,False,False,False,False,False,False,,
frame_000110.jpg,,,110,False,,,,0.0,False,False,False,False,False,0.556983166929609,0.12,0.18,True,True,False,False,False,,,29.297985873378085,32.16468551206798,True,True,False,False,0.075472889813661,0.0,0.075472889813661,False,missing,max,none,none,0,moving_average,4,2.0,peak,5,-1,-1,5,False,0.0754728898136607,False,False,False,False,False,False,False,,
frame_000111.jpg,,,111,False,,,,0.0,False,False,False,False,False,0.556983166929609,0.12,0.18,True,True,False,False,False,,,29.290124858644962,32.16468551206798,True,True,False,False,0.07351181031152258,0.0,0.07351181031152258,False,missing,max,none,none,0,moving_average,4,2.0,peak,5,-1,-1,5,False,0.07351181031152287,False,False,False,False,False,False,False,,
frame_000112.jpg,,,112,False,,,,0.0,False,False,False,False,False,0.556983166929609,0.12,0.18,True,True,False,False,False,,,29.282263843911842,32.16468551206798,True,True,False,False,0.07155073080938505,0.0,0.07155073080938505,False,missing,max,none,none,0,moving_average,4,2.0,peak,5,-1,-1,5,False,0.07155073080938476,False,False,False,False,False,False,False,,
frame_000113.jpg,,,113,False,,,,0.0,False,False,False,False,False,0.556983166929609,0.12,0.18,True,True,False,False,False,,,29.27440282917872,32.16468551206798,True,True,False,False,0.06958965130724665,0.0,0.06958965130724665,False,missing,max,none,none,0,moving_average,4,2.0,peak,5,-1,-1,5,False,0.06958965130724694,False,False,False,False,False,False,False,,
frame_000114.jpg,,,114,False,,,,0.0,False,False,False,False,False,0.556983166929609,0.12,0.18,True,True,False,False,False,,,29.2665418144456,32.16468551206798,True,True,False,False,0.06762857180510912,0.0,0.06762857180510912,False,missing,max,none,none,0,moving_average,4,2.0,peak,5,-1,-1,5,False,0.06762857180510912,False,False,False,False,False,False,False,,
frame_000115.jpg,,,115,False,,,,0.0,False,False,False,False,False,0.556983166929609,0.12,0.18,True,True,False,False,False,,,29.25868079971248,32.16468551206798,True,True,False,False,0.06566749230297159,0.0,0.06566749230297159,False,missing,max,none,none,0,moving_average,4,2.0,peak,5,-1,-1,5,False,0.06566749230297128,False,False,False,False,False,False,False,,
frame_000116.jpg,,,116,False,,,,0.0,False,False,False,False,False,0.556983166929609,0.12,0.18,True,True,False,False,False,,,29.250819784979356,32.16468551206798,True,True,False,False,0.06370641280083317,0.0,0.06370641280083317,False,missing,max,none,none,0,moving_average,4,2.0,peak,5,-1,-1,5,False,0.06370641280083346,False,False,False,False,False,False,False,,
frame_000117.jpg,,,117,False,,,,0.0,False,False,False,False,False,0.556983166929609,0.12,0.18,True,True,False,False,False,,,29.242958770246236,32.16468551206798,True,True,False,False,0.06174533329869564,0.0,0.06174533329869564,False,missing,max,none,none,0,moving_average,4,2.0,peak,5,-1,-1,5,False,0.061745333298695346,False,False,False,False,False,False,False,,
frame_000118.jpg,,,118,False,,,,0.0,False,False,False,False,False,0.556983166929609,0.12,0.18,True,True,False,False,False,,,29.235097755513113,32.16468551206798,True,True,False,False,0.059784253796557225,0.0,0.059784253796557225,False,missing,max,none,none,0,moving_average,4,2.0,peak,5,-1,-1,5,False,0.059784253796557524,False,False,False,False,False,False,False,,
frame_000119.jpg,,,119,False,,,,0.0,False,False,False,False,False,0.556983166929609,0.12,0.18,True,True,False,False,False,,,29.227236740779993,32.16468551206798,True,True,False,False,0.057823174294419695,0.0,0.057823174294419695,False,missing,max,none,none,0,moving_average,4,2.0,peak,5,-1,-1,5,False,0.05782317429441969,False,False,False,False,False,False,False,,
frame_000120.jpg,,,120,False,,,,0.0,False,False,False,False,False,0.556983166929609,0.12,0.18,True,True,False,False,False,,,29.219375726046874,32.16468551206798,True,True,False,False,0.055862094792282165,0.0,0.055862094792282165,False,missing,max,none,none,0,moving_average,4,2.0,peak,5,-1,-1,5,False,0.055862094792281866,False,False,False,False,False,False,False,,
frame_000121.jpg,,,121,False,,,,0.0,False,False,False,False,False,0.556983166929609,0.12,0.18,True,True,False,False,False,,,29.21151471131375,32.16468551206798,True,True,False,False,0.05390101529014375,0.0,0.05390101529014375,False,missing,max,none,none,0,moving_average,4,2.0,peak,5,-1,-1,5,False,0.05390101529014404,False,False,False,False,False,False,False,,
frame_000122.jpg,,,122,False,,,,0.0,False,False,False,False,False,0.556983166929609,0.12,0.18,True,True,False,False,False,,,29.20365369658063,32.16468551206798,True,True,False,False,0.05193993578800622,0.0,0.05193993578800622,False,missing,max,none,none,0,moving_average,4,2.0,peak,5,-1,-1,5,False,0.051939935788006215,False,False,False,False,False,False,False,,
frame_000123.jpg,,,123,False,,,,0.0,False,False,False,False,False,0.556983166929609,0.12,0.18,True,True,False,False,False,,,29.19579268184751,32.16468551206798,True,True,False,False,0.04997885628586869,0.0,0.04997885628586869,False,missing,max,none,none,0,moving_average,4,2.0,peak,5,-1,-1,5,False,0.049978856285868394,False,False,False,False,False,False,False,,
frame_000124.jpg,,,124,False,,,,0.0,False,False,False,False,False,0.556983166929609,0.12,0.18,True,True,False,False,False,,,29.187931667114388,32.16468551206798,True,True,False,False,0.04801777678373028,0.0,0.04801777678373028,False,missing,max,none,none,0,moving_average,4,2.0,peak,5,-1,-1,5,False,0.04801777678373057,False,False,False,False,False,False,False,,
frame_000125.jpg,,,125,False,,,,0.0,False,False,False,False,False,0.556983166929609,0.12,0.18,True,True,False,False,False,,,29.180070652381268,32.16468551206798,True,True,False,False,0.04605669728159275,0.0,0.04605669728159275,False,missing,max,none,none,0,moving_average,4,2.0,peak,5,-1,-1,5,False,0.04605669728159245,False,False,False,False,False,False,False,,
frame_000126.jpg,,,126,False,,,,0.0,False,False,False,False,False,0.556983166929609,0.12,0.18,True,True,False,False,False,,,29.172209637648145,32.16468551206798,True,True,False,False,0.04409561777945434,0.0,0.04409561777945434,False,missing,max,none,none,0,moving_average,4,2.0,peak,5,-1,-1,5,False,0.04409561777945463,False,False,False,False,False,False,False,,
frame_000127.jpg,,,127,False,,,,0.0,False,False,False,False,False,0.556983166929609,0.12,0.18,True,True,False,False,False,,,29.164348622915025,32.16468551206798,True,True,False,False,0.04213453827731681,0.0,0.04213453827731681,False,missing,max,none,none,0,moving_average,4,2.0,peak,5,-1,-1,5,False,0.04213453827731681,False,False,False,False,False,False,False,,
frame_000128.jpg,,,128,False,,,,0.0,False,False,False,False,False,0.556983166929609,0.12,0.18,True,True,False,False,False,,,29.156487608181905,32.16468551206798,True,True,False,False,0.04017345877517928,0.0,0.04017345877517928,False,missing,max,none,none,0,moving_average,4,2.0,peak,5,-1,-1,5,False,0.04017345877517898,False,False,False,False,False,False,False,,
frame_000129.jpg,,,129,False,,,,0.0,False,False,False,False,False,0.556983166929609,0.12,0.18,True,True,False,False,False,,,29.148626593448782,32.16468551206798,True,True,False,False,0.038212379273040865,0.0,0.038212379273040865,False,missing,max,none,none,0,moving_average,4,2.0,peak,5,-1,-1,5,False,0.03821237927304116,False,False,False,False,False,False,False,,
frame_000130.jpg,,,130,False,,,,0.0,False,False,False,False,False,0.556983166929609,0.12,0.18,True,True,False,False,False,,,29.140765578715662,32.16468551206798,True,True,False,False,0.036251299770903335,0.0,0.036251299770903335,False,missing,max,none,none,0,moving_average,4,2.0,peak,5,-1,-1,5,False,0.03625129977090304,False,False,False,False,False,False,False,,
frame_000131.jpg,,,131,False,,,,0.0,False,False,False,False,False,0.556983166929609,0.12,0.18,True,True,False,False,False,,,29.13290456398254,32.16468551206798,True,True,False,False,0.034290220268764916,0.0,0.034290220268764916,False,missing,max,none,none,0,moving_average,4,2.0,peak,5,-1,-1,5,False,0.034290220268765215,False,False,False,False,False,False,False,,
frame_000132.jpg,,,132,False,,,,0.0,False,False,False,False,False,0.556983166929609,0.12,0.18,True,True,False,False,False,,,29.12504354924942,32.16468551206798,True,True,False,False,0.032329140766627386,0.0,0.032329140766627386,False,missing,max,none,none,0,moving_average,4,2.0,peak,5,-1,-1,5,False,0.032329140766627386,False,False,False,False,False,False,False,,
frame_000133.jpg,,,133,False,,,,0.0,False,False,False,False,False,0.556983166929609,0.12,0.18,True,True,False,False,False,,,29.1171825345163,32.16468551206798,True,True,False,False,0.03036806126448986,0.0,0.03036806126448986,False,missing,max,none,none,0,moving_average,4,2.0,peak,5,-1,-1,5,False,0.030368061264489557,False,False,False,False,False,False,False,,
frame_000134.jpg,,,134,False,,,,0.0,False,False,False,False,False,0.556983166929609,0.12,0.18,True,True,False,False,False,,,29.109321519783176,32.16468551206798,True,True,False,False,0.028406981762351444,0.0,0.028406981762351444,False,missing,max,none,none,0,moving_average,4,2.0,peak,5,-1,-1,5,False,0.02840698176235174,False,False,False,False,False,False,False,,
frame_000135.jpg,,,135,False,,,,0.0,False,False,False,False,False,0.556983166929609,0.12,0.18,True,True,False,False,False,,,29.101460505050056,32.16468551206798,True,True,False,False,0.026445902260213917,0.0,0.026445902260213917,False,missing,max,none,none,0,moving_average,4,2.0,peak,5,-1,-1,5,False,0.026445902260213917,False,False,False,False,False,False,False,,
frame_000136.jpg,,,136,False,,,,0.0,False,False,False,False,False,0.556983166929609,0.12,0.18,True,True,False,False,False,,,29.093599490316937,32.16468551206798,True,True,False,False,0.024484822758076386,0.0,0.024484822758076386,False,missing,max,none,none,0,moving_average,4,2.0,peak,5,-1,-1,5,False,0.02448482275807609,False,False,False,False,False,False,False,,
frame_000137.jpg,,,137,False,,,,0.0,False,False,False,False,False,0.556983166929609,0.12,0.18,True,True,False,False,False,,,29.085738475583813,32.16468551206798,True,True,False,False,0.02252374325593797,0.0,0.02252374325593797,False,missing,max,none,none,0,moving_average,4,2.0,peak,5,-1,-1,5,False,0.022523743255938266,False,False,False,False,False,False,False,,
frame_000138.jpg,,,138,True,,,,0.0,False,False,False,False,False,0.556983166929609,0.12,0.18,True,True,False,False,False,,,29.077877460850694,32.16468551206798,True,True,False,False,0.020562663753800444,0.0,0.020562663753800444,False,missing,max,none,none,0,moving_average,4,2.0,peak,5,-1,-1,5,False,0.020562663753800146,False,False,False,False,False,False,False,,
frame_000139.jpg,,,139,False,,,,0.0,False,False,False,False,False,0.556983166929609,0.12,0.18,True,True,False,False,False,,,29.07001644611757,32.16468551206798,True,True,False,False,0.01860158425166203,0.0,0.01860158425166203,False,missing,max,none,none,0,moving_average,4,2.0,peak,5,-1,-1,5,False,0.018601584251662324,False,False,False,False,False,False,False,,
frame_000140.jpg,29.06215543138445,,140,True,,,,0.0,False,False,False,False,False,0.556983166929609,0.12,0.18,False,True,True,False,True,29.06215543138445,,29.06215543138445,32.16468551206798,False,True,False,False,0.0166405047495245,0.0,0.0166405047495245,False,left_only,max,none,none,0,moving_average,4,2.0,peak,5,-1,-1,5,False,0.050956971783324874,False,False,False,False,False,False,False,,
frame_000141.jpg,29.466968537176207,,141,True,0.03532935850520181,0.0,0.0,0.06342984959483829,False,False,False,False,False,0.556983166929609,0.12,0.18,False,True,True,False,True,29.466968537176207,,29.466968537176207,32.16468551206798,False,True,False,False,0.1176288263487881,0.0,0.1176288263487881,False,left_only,max,none,none,0,moving_average,4,2.0,peak,5,-1,-1,5,False,0.13984945774599106,False,False,False,False,False,False,False,,
frame_000142.jpg,30.138996782286245,,142,True,0.11459148317500549,4.440892098500625e-16,6.938893903907228e-18,0.2057359898445323,False,False,False,False,False,0.556983166929609,0.12,0.18,False,True,True,False,True,30.138996782286245,,30.138996782286245,32.16468551206798,False,True,False,False,0.2852790421396606,0.0,0.2852790421396606,False,left_only,max,none,none,0,moving_average,4,2.0,peak,5,-1,-1,5,False,0.1528810314569906,True,False,False,False,False,False,False,3,
frame_000143.jpg,29.21886717023988,,143,True,0.031108571736611357,3.33066907387547e-16,1.536964999715451e-15,0.05585190645544738,False,False,False,False,False,0.556983166929609,0.12,0.18,False,True,True,False,True,29.21886717023988,,29.21886717023988,32.16468551206798,False,True,False,False,0.05573522588252308,0.0,0.05573522588252308,False,left_only,max,none,none,0,moving_average,4,2.0,peak,5,-1,-1,5,False,0.15192201409568307,False,False,False,False,False,False,False,,
frame_000144.jpg,,,144,True,0.34085791763294637,0.08970627774147488,0.12904048982234892,0.7475523145122908,False,False,False,False,False,0.556983166929609,0.12,0.18,True,True,False,False,False,,,29.455435833481626,32.16468551206798,True,True,False,False,0.11475177426486556,0.0,0.11475177426486556,False,missing,max,none,none,0,moving_average,4,2.0,peak,5,-1,-1,5,False,0.11475177426486555,False,False,False,False,False,False,False,,
frame_000145.jpg,,,145,True,0.0,0.0,0.0,0.0,False,False,False,False,False,0.556983166929609,0.12,0.18,True,True,False,False,False,,,29.692004496723374,32.16468551206798,True,True,False,False,0.17376832264720804,0.0,0.17376832264720804,False,missing,max,none,none,0,moving_average,4,2.0,peak,5,-1,-1,5,False,0.1737683226472077,False,False,False,False,False,False,False,,
frame_000146.jpg,,,146,False,,,,0.0,False,False,False,False,False,0.556983166929609,0.12,0.18,True,True,False,False,False,,,29.92857315996512,32.16468551206798,True,True,False,False,0.23278487102954962,0.0,0.23278487102954962,False,missing,max,none,none,0,moving_average,4,2.0,peak,5,-1,-1,5,False,0.23278487102954987,False,False,False,False,False,False,False,,
frame_000147.jpg,,,147,False,,,,0.0,False,False,False,False,False,0.556983166929609,0.12,0.18,True,True,False,False,False,,,30.165141823206866,32.16468551206798,True,True,False,False,0.2918014194118921,0.0,0.2918014194118921,False,missing,max,none,none,0,moving_average,4,2.0,peak,5,-1,-1,5,False,0.2918014194118921,False,False,False,False,False,False,False,,
frame_000148.jpg,,,148,True,,,,0.0,False,False,False,False,False,0.556983166929609,0.12,0.18,True,True,False,False,False,,,30.401710486448614,32.16468551206798,True,True,False,False,0.3508179677942346,0.0,0.3508179677942346,False,missing,max,none,none,0,moving_average,4,2.0,peak,5,-1,-1,5,False,0.3508179677942346,False,False,False,False,False,False,False,,
frame_000149.jpg,,,149,False,,,,0.0,False,False,False,False,False,0.556983166929609,0.12,0.18,True,True,False,False,False,,,30.638279149690362,32.16468551206798,True,True,False,False,0.409834516176577,0.0,0.409834516176577,False,missing,max,none,none,0,moving_average,4,2.0,peak,5,-1,-1,5,False,0.409834516176577,False,False,False,False,False,False,False,,
frame_000150.jpg,,,150,False,,,,0.0,False,False,False,False,False,0.556983166929609,0.12,0.18,True,True,False,False,False,,,30.87484781293211,32.16468551206798,True,True,False,False,0.4688510645589195,0.0,0.4688510645589195,False,missing,max,none,none,0,moving_average,4,2.0,peak,5,-1,-1,5,False,0.46885106455891945,False,False,False,False,False,False,False,,
frame_000151.jpg,,,151,False,,,,0.0,False,False,False,False,False,0.556983166929609,0.12,0.18,True,True,False,False,False,,,31.111416476173858,32.16468551206798,True,True,False,False,0.5278676129412619,0.0,0.5278676129412619,False,missing,max,none,none,0,moving_average,4,2.0,peak,5,-1,-1,5,False,0.5278676129412616,False,False,False,False,False,False,False,,
frame_000152.jpg,,,152,False,,,,0.0,False,False,False,False,False,0.556983166929609,0.12,0.18,True,True,False,False,False,,,31.347985139415602,32.16468551206798,True,True,False,False,0.5868841613236035,0.0,0.5868841613236035,False,missing,max,none,none,0,moving_average,4,2.0,peak,5,-1,-1,5,False,0.5868841613236038,False,False,False,False,False,False,False,,
frame_000153.jpg,,,153,False,,,,0.0,False,False,False,False,False,0.556983166929609,0.12,0.18,True,True,False,False,False,,,31.58455380265735,32.16468551206798,True,True,False,False,0.645900709705946,0.0,0.645900709705946,False,missing,max,none,none,0,moving_average,4,2.0,peak,5,-1,-1,5,False,0.645900709705946,False,False,False,False,False,False,False,,
frame_000154.jpg,,,154,False,,,,0.0,False,False,False,False,False,0.556983166929609,0.12,0.18,True,True,False,False,False,,,31.821122465899098,32.16468551206798,True,True,False,False,0.7049172580882885,0.0,0.7049172580882885,False,missing,max,none,none,0,moving_average,4,2.0,peak,5,-1,-1,5,False,0.7049172580882882,False,False,False,False,False,False,False,,
frame_000155.jpg,,,155,True,,,,0.0,False,False,False,False,False,0.556983166929609,0.12,0.18,True,True,False,False,False,,,32.05769112914084,32.16468551206798,True,True,False,False,0.7639338064706301,0.0,0.7639338064706301,False,missing,max,none,none,0,moving_average,4,2.0,peak,5,-1,-1,5,False,0.7639338064706304,False,False,False,False,False,False,False,,
frame_000156.jpg,,,156,True,0.0,0.0,0.0,0.0,False,False,False,False,False,0.556983166929609,0.12,0.18,True,True,False,False,False,,,32.29425979238259,32.16468551206798,True,True,False,False,0.8229503548529726,0.0,0.8229503548529726,False,missing,max,none,none,0,moving_average,4,2.0,peak,5,-1,-1,5,False,0.8229503548529725,False,False,False,False,False,False,False,,
frame_000157.jpg,,,157,True,0.11240165884260384,0.05379367905202002,0.0007099409125161703,0.4482806587668335,False,False,False,False,False,0.556983166929609,0.12,0.18,True,True,False,False,False,,,32.53082845562434,32.16468551206798,True,True,False,False,0.881966903235315,0.0,0.881966903235315,False,missing,max,none,none,0,moving_average,4,2.0,peak,5,-1,-1,5,False,0.881966903235315,False,False,False,False,False,False,False,,
frame_000158.jpg,,,158,True,0.051791117582303314,0.023379832769578765,0.005144668224713771,0.1948319397464897,False,False,False,False,True,0.556983166929609,0.12,0.18,True,True,False,False,False,,,32.767397118866086,32.16468551206798,True,True,False,False,0.9409834516176575,0.0,0.9409834516176575,False,missing,max,none,none,0,moving_average,4,2.0,peak,5,-1,-1,5,False,0.9409834516176574,False,False,False,False,False,False,False,,
frame_000159.jpg,33.003965782107834,,159,True,0.13315901432472446,0.196281229381954,0.015768648068799386,1.6356769115162835,False,True,False,True,True,0.556983166929609,0.12,0.18,False,True,True,False,True,33.003965782107834,,33.003965782107834,32.16468551206798,False,True,True,False,1.0,0.0,1.0,False,left_only,max,none,none,0,moving_average,4,2.0,peak,5,-1,-1,5,False,0.9800913571932576,False,False,False,False,False,False,False,,
frame_000160.jpg,,,160,False,,,,0.0,False,False,False,False,True,0.556983166929609,0.12,0.18,True,True,False,False,False,,,33.00112222226076,32.16468551206798,True,True,False,False,0.9992906199621151,0.0,0.9992906199621151,False,missing,max,none,none,0,moving_average,4,2.0,peak,5,-1,-1,5,False,0.9992906199621151,True,False,False,False,False,False,False,4,
frame_000161.jpg,,,161,False,,,,0.0,False,False,False,False,False,0.556983166929609,0.12,0.18,True,True,False,False,False,,,32.99827866241369,32.16468551206798,True,True,False,False,0.9985812399242301,0.0,0.9985812399242301,False,missing,max,none,none,0,moving_average,4,2.0,peak,5,-1,-1,5,False,0.9985812399242301,False,False,False,False,False,False,False,,
frame_000162.jpg,,,162,False,,,,0.0,False,False,False,False,False,0.556983166929609,0.12,0.18,True,True,False,False,False,,,32.99543510256662,32.16468551206798,True,True,False,False,0.9978718598863452,0.0,0.9978718598863452,False,missing,max,none,none,0,moving_average,4,2.0,peak,5,-1,-1,5,False,0.9978718598863451,False,False,False,False,False,False,False,,
frame_000163.jpg,,,163,False,,,,0.0,False,False,False,False,False,0.556983166929609,0.12,0.18,True,True,False,False,False,,,32.992591542719545,32.16468551206798,True,True,False,False,0.9971624798484602,0.0,0.9971624798484602,False,missing,max,none,none,0,moving_average,4,2.0,peak,5,-1,-1,5,False,0.9971624798484602,False,False,False,False,False,False,False,,
frame_000164.jpg,,,164,True,,,,0.0,False,False,False,False,False,0.556983166929609,0.12,0.18,True,True,False,False,False,,,32.98974798287247,32.16468551206798,True,True,False,False,0.9964530998105753,0.0,0.9964530998105753,False,missing,max,none,none,0,moving_average,4,2.0,peak,5,-1,-1,5,False,0.9964530998105752,False,False,False,False,False,False,False,,
frame_000165.jpg,,,165,True,0.11261184589986417,0.007171622661126015,0.013947946399842107,0.20218177601423984,False,False,False,False,True,0.556983166929609,0.12,0.18,True,True,False,False,False,,,32.9869044230254,32.16468551206798,True,True,False,False,0.9957437197726903,0.0,0.9957437197726903,False,missing,max,none,none,0,moving_average,4,2.0,peak,5,-1,-1,5,False,0.9957437197726903,False,False,False,False,False,False,False,,
frame_000166.jpg,32.98406086317833,,166,True,0.26348244929509546,0.3813360089295835,0.004305486856476989,3.177800074413196,False,True,False,True,True,0.556983166929609,0.12,0.18,False,True,True,False,True,32.98406086317833,,32.98406086317833,32.16468551206798,False,True,True,False,0.9950343397348054,0.0,0.9950343397348054,False,left_only,max,none,none,0,moving_average,4,2.0,peak,5,-1,-1,5,False,0.9900060677911646,False,False,False,False,False,False,False,,
frame_000167.jpg,,,167,True,0.3710803558999144,0.406894492779045,0.016805190214590444,3.3907874398253752,False,True,False,True,True,0.556983166929609,0.12,0.18,True,True,False,False,False,,,32.92074960716492,32.16468551206798,True,True,False,False,0.9792401438659981,0.0,0.9792401438659981,False,missing,max,none,none,0,moving_average,4,2.0,peak,5,-1,-1,5,False,0.9792401438659987,False,False,False,False,False,False,False,,
frame_000168.jpg,,,168,True,0.028180707647354288,0.014808649546190164,0.002152168294286008,0.12340541288491805,False,False,False,False,True,0.556983166929609,0.12,0.18,True,True,False,False,False,,,32.85743835115152,32.16468551206798,True,True,False,False,0.9634459479971925,0.0,0.9634459479971925,False,missing,max,none,none,0,moving_average,4,2.0,peak,5,-1,-1,5,False,0.963445947997192,False,False,False,False,False,False,False,,
frame_000169.jpg,,,169,True,0.06078076627104747,0.0114498709905066,0.013135690228617897,0.10912496082440654,False,False,False,False,False,0.556983166929609,0.12,0.18,True,True,False,False,False,,,32.794127095138116,32.16468551206798,True,True,False,False,0.9476517521283853,0.0,0.9476517521283853,False,missing,max,none,none,0,moving_average,4,2.0,peak,5,-1,-1,5,False,0.9476517521283858,False,False,False,False,False,False,False,,
frame_000170.jpg,,,170,True,0.17140405944030376,0.0896246755021959,0.02941405899798879,0.7468722958516325,False,False,False,False,False,0.556983166929609,0.12,0.18,True,True,False,False,False,,,32.730815839124716,32.16468551206798,True,True,False,False,0.9318575562595797,0.0,0.9318575562595797,False,missing,max,none,none,0,moving_average,4,2.0,peak,5,-1,-1,5,False,0.9318575562595791,False,False,False,False,False,False,False,,
frame_000171.jpg,,,171,True,0.1600715254127069,0.041603766934363684,0.0409779745995687,0.34669805778636403,False,False,False,False,False,0.556983166929609,0.12,0.18,True,True,False,False,False,,,32.66750458311131,32.16468551206798,True,True,False,False,0.9160633603907724,0.0,0.9160633603907724,False,missing,max,none,none,0,moving_average,4,2.0,peak,5,-1,-1,5,False,0.916063360390773,False,False,False,False,False,False,False,,
frame_000172.jpg,,,172,True,0.0,0.0,0.0,0.0,False,False,False,False,False,0.556983166929609,0.12,0.18,True,True,False,False,False,,,32.60419332709791,32.16468551206798,True,True,False,False,0.9002691645219668,0.0,0.9002691645219668,False,missing,max,none,none,0,moving_average,4,2.0,peak,5,-1,-1,5,False,0.9002691645219663,False,False,False,False,False,False,False,,
frame_000173.jpg,,,173,False,,,,0.0,False,False,False,False,False,0.556983166929609,0.12,0.18,True,True,False,False,False,,,32.5408820710845,32.16468551206798,True,True,False,False,0.8844749686531596,0.0,0.8844749686531596,False,missing,max,none,none,0,moving_average,4,2.0,peak,5,-1,-1,5,False,0.8844749686531601,False,False,False,False,False,False,False,,
frame_000174.jpg,,,174,False,,,,0.0,False,False,False,False,False,0.556983166929609,0.12,0.18,True,True,False,False,False,,,32.477570815071104,32.16468551206798,True,True,False,False,0.8686807727843541,0.0,0.8686807727843541,False,missing,max,none,none,0,moving_average,4,2.0,peak,5,-1,-1,5,False,0.8686807727843534,False,False,False,False,False,False,False,,
frame_000175.jpg,,,175,False,,,,0.0,False,False,False,False,False,0.556983166929609,0.12,0.18,True,True,False,False,False,,,32.4142595590577,32.16468551206798,True,True,False,False,0.8528865769155467,0.0,0.8528865769155467,False,missing,max,none,none,0,moving_average,4,2.0,peak,5,-1,-1,5,False,0.8528865769155473,False,False,False,False,False,False,False,,
frame_000176.jpg,,,176,False,,,,0.0,False,False,False,False,False,0.556983166929609,0.12,0.18,True,True,False,False,False,,,32.3509483030443,32.16468551206798,True,True,False,False,0.8370923810467412,0.0,0.8370923810467412,False,missing,max,none,none,0,moving_average,4,2.0,peak,5,-1,-1,5,False,0.8370923810467406,False,False,False,False,False,False,False,,
frame_000177.jpg,,,177,False,,,,0.0,False,False,False,False,False,0.556983166929609,0.12,0.18,True,True,False,False,False,,,32.28763704703089,32.16468551206798,True,True,False,False,0.8212981851779338,0.0,0.8212981851779338,False,missing,max,none,none,0,moving_average,4,2.0,peak,5,-1,-1,5,False,0.8212981851779344,False,False,False,False,False,False,False,,
frame_000178.jpg,,,178,False,,,,0.0,False,False,False,False,False,0.556983166929609,0.12,0.18,True,True,False,False,False,,,32.22432579101749,32.16468551206798,True,True,False,False,0.8055039893091284,0.0,0.8055039893091284,False,missing,max,none,none,0,moving_average,4,2.0,peak,5,-1,-1,5,False,0.8055039893091277,False,False,False,False,False,False,False,,
frame_000179.jpg,,,179,False,,,,0.0,False,False,False,False,False,0.556983166929609,0.12,0.18,True,True,False,False,False,,,32.161014535004085,32.16468551206798,True,True,False,False,0.789709793440321,0.0,0.789709793440321,False,missing,max,none,none,0,moving_average,4,2.0,peak,5,-1,-1,5,False,0.7897097934403216,False,False,False,False,False,False,False,,
frame_000180.jpg,,,180,False,,,,0.0,False,False,False,False,False,0.556983166929609,0.12,0.18,True,True,False,False,False,,,32.097703278990686,32.16468551206798,True,True,False,False,0.7739155975715155,0.0,0.7739155975715155,False,missing,max,none,none,0,moving_average,4,2.0,peak,5,-1,-1,5,False,0.7739155975715148,False,False,False,False,False,False,False,,
frame_000181.jpg,,,181,False,,,,0.0,False,False,False,False,False,0.556983166929609,0.12,0.18,True,True,False,False,False,,,32.03439202297728,32.16468551206798,True,True,False,False,0.7581214017027081,0.0,0.7581214017027081,False,missing,max,none,none,0,moving_average,4,2.0,peak,5,-1,-1,5,False,0.7581214017027087,False,False,False,False,False,False,False,,
frame_000182.jpg,,,182,False,,,,0.0,False,False,False,False,False,0.556983166929609,0.12,0.18,True,True,False,False,False,,,31.97108076696388,32.16468551206798,True,True,False,False,0.7423272058339027,0.0,0.7423272058339027,False,missing,max,none,none,0,moving_average,4,2.0,peak,5,-1,-1,5,False,0.7423272058339023,False,False,False,False,False,False,False,,
frame_000183.jpg,,,183,False,,,,0.0,False,False,False,False,False,0.556983166929609,0.12,0.18,True,True,False,False,False,,,31.907769510950477,32.16468551206798,True,True,False,False,0.7265330099650962,0.0,0.7265330099650962,False,missing,max,none,none,0,moving_average,4,2.0,peak,5,-1,-1,5,False,0.7265330099650962,False,False,False,False,False,False,False,,
frame_000184.jpg,,,184,False,,,,0.0,False,False,False,False,False,0.556983166929609,0.12,0.18,True,True,False,False,False,,,31.844458254937074,32.16468551206798,True,True,False,False,0.7107388140962898,0.0,0.7107388140962898,False,missing,max,none,none,0,moving_average,4,2.0,peak,5,-1,-1,5,False,0.7107388140962898,False,False,False,False,False,False,False,,
frame_000185.jpg,,,185,False,,,,0.0,False,False,False,False,False,0.556983166929609,0.12,0.18,True,True,False,False,False,,,31.78114699892367,32.16468551206798,True,True,False,False,0.6949446182274834,0.0,0.6949446182274834,False,missing,max,none,none,0,moving_average,4,2.0,peak,5,-1,-1,5,False,0.6949446182274833,False,False,False,False,False,False,False,,
frame_000186.jpg,,,186,False,,,,0.0,False,False,False,False,False,0.556983166929609,0.12,0.18,True,True,False,False,False,,,31.717835742910268,32.16468551206798,True,True,False,False,0.679150422358677,0.0,0.679150422358677,False,missing,max,none,none,0,moving_average,4,2.0,peak,5,-1,-1,5,False,0.679150422358677,False,False,False,False,False,False,False,,
frame_000187.jpg,,,187,False,,,,0.0,False,False,False,False,False,0.556983166929609,0.12,0.18,True,True,False,False,False,,,31.654524486896864,32.16468551206798,True,True,False,False,0.6633562264898706,0.0,0.6633562264898706,False,missing,max,none,none,0,moving_average,4,2.0,peak,5,-1,-1,5,False,0.6633562264898705,False,False,False,False,False,False,False,,
frame_000188.jpg,,,188,False,,,,0.0,False,False,False,False,False,0.556983166929609,0.12,0.18,True,True,False,False,False,,,31.59121323088346,32.16468551206798,True,True,False,False,0.6475620306210641,0.0,0.6475620306210641,False,missing,max,none,none,0,moving_average,4,2.0,peak,5,-1,-1,5,False,0.6475620306210641,False,False,False,False,False,False,False,,
frame_000189.jpg,,,189,False,,,,0.0,False,False,False,False,False,0.556983166929609,0.12,0.18,True,True,False,False,False,,,31.52790197487006,32.16468551206798,True,True,False,False,0.6317678347522577,0.0,0.6317678347522577,False,missing,max,none,none,0,moving_average,4,2.0,peak,5,-1,-1,5,False,0.6317678347522576,False,False,False,False,False,False,False,,
frame_000190.jpg,,,190,False,,,,0.0,False,False,False,False,False,0.556983166929609,0.12,0.18,True,True,False,False,False,,,31.464590718856655,32.16468551206798,True,True,False,False,0.6159736388834512,0.0,0.6159736388834512,False,missing,max,none,none,0,moving_average,4,2.0,peak,5,-1,-1,5,False,0.6159736388834512,False,False,False,False,False,False,False,,
frame_000191.jpg,,,191,False,,,,0.0,False,False,False,False,False,0.556983166929609,0.12,0.18,True,True,False,False,False,,,31.401279462843252,32.16468551206798,True,True,False,False,0.6001794430146449,0.0,0.6001794430146449,False,missing,max,none,none,0,moving_average,4,2.0,peak,5,-1,-1,5,False,0.6001794430146448,False,False,False,False,False,False,False,,
frame_000192.jpg,,,192,False,,,,0.0,False,False,False,False,False,0.556983166929609,0.12,0.18,True,True,False,False,False,,,31.33796820682985,32.16468551206798,True,True,False,False,0.5843852471458384,0.0,0.5843852471458384,False,missing,max,none,none,0,moving_average,4,2.0,peak,5,-1,-1,5,False,0.5843852471458384,False,False,False,False,False,False,False,,
frame_000193.jpg,,,193,False,,,,0.0,False,False,False,False,False,0.556983166929609,0.12,0.18,True,True,False,False,False,,,31.274656950816446,32.16468551206798,True,True,False,False,0.568591051277032,0.0,0.568591051277032,False,missing,max,none,none,0,moving_average,4,2.0,peak,5,-1,-1,5,False,0.568591051277032,False,False,False,False,False,False,False,,
frame_000194.jpg,,,194,False,,,,0.0,False,False,False,False,False,0.556983166929609,0.12,0.18,True,True,False,False,False,,,31.211345694803043,32.16468551206798,True,True,False,False,0.5527968554082257,0.0,0.5527968554082257,False,missing,max,none,none,0,moving_average,4,2.0,peak,5,-1,-1,5,False,0.5527968554082257,False,False,False,False,False,False,False,,
frame_000195.jpg,,,195,False,,,,0.0,False,False,False,False,False,0.556983166929609,0.12,0.18,True,True,False,False,False,,,31.14803443878964,32.16468551206798,True,True,False,False,0.5370026595394192,0.0,0.5370026595394192,False,missing,max,none,none,0,moving_average,4,2.0,peak,5,-1,-1,5,False,0.5370026595394192,False,False,False,False,False,False,False,,
frame_000196.jpg,,,196,False,,,,0.0,False,False,False,False,False,0.556983166929609,0.12,0.18,True,True,False,False,False,,,31.084723182776237,32.16468551206798,True,True,False,False,0.5212084636706128,0.0,0.5212084636706128,False,missing,max,none,none,0,moving_average,4,2.0,peak,5,-1,-1,5,False,0.5212084636706125,False,False,False,False,False,False,False,,
frame_000197.jpg,,,197,False,,,,0.0,False,False,False,False,False,0.556983166929609,0.12,0.18,True,True,False,False,False,,,31.02141192676283,32.16468551206798,True,True,False,False,0.5054142678018054,0.0,0.5054142678018054,False,missing,max,none,none,0,moving_average,4,2.0,peak,5,-1,-1,5,False,0.5054142678018061,False,False,False,False,False,False,False,,
frame_000198.jpg,,,198,False,,,,0.0,False,False,False,False,False,0.556983166929609,0.12,0.18,True,True,False,False,False,,,30.95810067074943,32.16468551206798,True,True,False,False,0.48962007193299995,0.0,0.48962007193299995,False,missing,max,none,none,0,moving_average,4,2.0,peak,5,-1,-1,5,False,0.48962007193299933,False,False,False,False,False,False,False,,
frame_000199.jpg,,,199,False,,,,0.0,False,False,False,False,False,0.556983166929609,0.12,0.18,True,True,False,False,False,,,30.894789414736024,32.16468551206798,True,True,False,False,0.47382587606419263,0.0,0.47382587606419263,False,missing,max,none,none,0,moving_average,4,2.0,peak,5,-1,-1,5,False,0.4738258760641932,False,False,False,False,False,False,False,,
frame_000200.jpg,,,200,False,,,,0.0,False,False,False,False,False,0.556983166929609,0.12,0.18,True,True,False,False,False,,,30.831478158722625,32.16468551206798,True,True,False,False,0.4580316801953871,0.0,0.4580316801953871,False,missing,max,none,none,0,moving_average,4,2.0,peak,5,-1,-1,5,False,0.4580316801953865,False,False,False,False,False,False,False,,
frame_000201.jpg,,,201,False,,,,0.0,False,False,False,False,False,0.556983166929609,0.12,0.18,True,True,False,False,False,,,30.76816690270922,32.16468551206798,True,True,False,False,0.4422374843265798,0.0,0.4422374843265798,False,missing,max,none,none,0,moving_average,4,2.0,peak,5,-1,-1,5,False,0.44223748432658033,False,False,False,False,False,False,False,,
frame_000202.jpg,,,202,False,,,,0.0,False,False,False,False,False,0.556983166929609,0.12,0.18,True,True,False,False,False,,,30.70485564669582,32.16468551206798,True,True,False,False,0.42644328845777424,0.0,0.42644328845777424,False,missing,max,none,none,0,moving_average,4,2.0,peak,5,-1,-1,5,False,0.42644328845777363,False,False,False,False,False,False,False,,
frame_000203.jpg,,,203,False,,,,0.0,False,False,False,False,False,0.556983166929609,0.12,0.18,True,True,False,False,False,,,30.641544390682412,32.16468551206798,True,True,False,False,0.4106490925889669,0.0,0.4106490925889669,False,missing,max,none,none,0,moving_average,4,2.0,peak,5,-1,-1,5,False,0.4106490925889672,False,False,False,False,False,False,False,,
frame_000204.jpg,,,204,False,,,,0.0,False,False,False,False,False,0.556983166929609,0.12,0.18,True,True,False,False,False,,,30.57823313466901,32.16468551206798,True,True,False,False,0.3948548967201605,0.0,0.3948548967201605,False,missing,max,none,none,0,moving_average,4,2.0,peak,5,-1,-1,5,False,0.3948548967201605,False,False,False,False,False,False,False,,
frame_000205.jpg,,,205,False,,,,0.0,False,False,False,False,False,0.556983166929609,0.12,0.18,True,True,False,False,False,,,30.514921878655606,32.16468551206798,True,True,False,False,0.37906070085135407,0.0,0.37906070085135407,False,missing,max,none,none,0,moving_average,4,2.0,peak,5,-1,-1,5,False,0.37906070085135407,False,False,False,False,False,False,False,,
frame_000206.jpg,,,206,False,,,,0.0,False,False,False,False,False,0.556983166929609,0.12,0.18,True,True,False,False,False,,,30.451610622642203,32.16468551206798,True,True,False,False,0.3632665049825477,0.0,0.3632665049825477,False,missing,max,none,none,0,moving_average,4,2.0,peak,5,-1,-1,5,False,0.36326650498254764,False,False,False,False,False,False,False,,
frame_000207.jpg,,,207,False,,,,0.0,False,False,False,False,False,0.556983166929609,0.12,0.18,True,True,False,False,False,,,30.3882993666288,32.16468551206798,True,True,False,False,0.3474723091137413,0.0,0.3474723091137413,False,missing,max,none,none,0,moving_average,4,2.0,peak,5,-1,-1,5,False,0.3474723091137413,False,False,False,False,False,False,False,,
frame_000208.jpg,,,208,False,,,,0.0,False,False,False,False,False,0.556983166929609,0.12,0.18,True,True,False,False,False,,,30.324988110615397,32.16468551206798,True,True,False,False,0.33167811324493485,0.0,0.33167811324493485,False,missing,max,none,none,0,moving_average,4,2.0,peak,5,-1,-1,5,False,0.33167811324493485,False,False,False,False,False,False,False,,
frame_000209.jpg,,,209,False,,,,0.0,False,False,False,False,False,0.556983166929609,0.12,0.18,True,True,False,False,False,,,30.261676854601994,32.16468551206798,True,True,False,False,0.3158839173761284,0.0,0.3158839173761284,False,missing,max,none,none,0,moving_average,4,2.0,peak,5,-1,-1,5,False,0.3158839173761284,False,False,False,False,False,False,False,,
frame_000210.jpg,,,210,False,,,,0.0,False,False,False,False,False,0.556983166929609,0.12,0.18,True,True,False,False,False,,,30.19836559858859,32.16468551206798,True,True,False,False,0.300089721507322,0.0,0.300089721507322,False,missing,max,none,none,0,moving_average,4,2.0,peak,5,-1,-1,5,False,0.300089721507322,False,False,False,False,False,False,False,,
frame_000211.jpg,,,211,False,,,,0.0,False,False,False,False,False,0.556983166929609,0.12,0.18,True,True,False,False,False,,,30.135054342575188,32.16468551206798,True,True,False,False,0.28429552563851557,0.0,0.28429552563851557,False,missing,max,none,none,0,moving_average,4,2.0,peak,5,-1,-1,5,False,0.28429552563851557,False,False,False,False,False,False,False,,
frame_000212.jpg,,,212,False,,,,0.0,False,False,False,False,False,0.556983166929609,0.12,0.18,True,True,False,False,False,,,30.071743086561785,32.16468551206798,True,True,False,False,0.26850132976970914,0.0,0.26850132976970914,False,missing,max,none,none,0,moving_average,4,2.0,peak,5,-1,-1,5,False,0.26850132976970914,False,False,False,False,False,False,False,,
frame_000213.jpg,,,213,False,,,,0.0,False,False,False,False,False,0.556983166929609,0.12,0.18,True,True,False,False,False,,,30.008431830548382,32.16468551206798,True,True,False,False,0.2527071339009027,0.0,0.2527071339009027,False,missing,max,none,none,0,moving_average,4,2.0,peak,5,-1,-1,5,False,0.2527071339009027,False,False,False,False,False,False,False,,
frame_000214.jpg,,,214,False,,,,0.0,False,False,False,False,False,0.556983166929609,0.12,0.18,True,True,False,False,False,,,29.94512057453498,32.16468551206798,True,True,False,False,0.23691293803209632,0.0,0.23691293803209632,False,missing,max,none,none,0,moving_average,4,2.0,peak,5,-1,-1,5,False,0.23691293803209632,False,False,False,False,False,False,False,,
frame_000215.jpg,,,215,False,,,,0.0,False,False,False,False,False,0.556983166929609,0.12,0.18,True,True,False,False,False,,,29.881809318521576,32.16468551206798,True,True,False,False,0.2211187421632899,0.0,0.2211187421632899,False,missing,max,none,none,0,moving_average,4,2.0,peak,5,-1,-1,5,False,0.2211187421632899,False,False,False,False,False,False,False,,
frame_000216.jpg,,,216,False,,,,0.0,False,False,False,False,False,0.556983166929609,0.12,0.18,True,True,False,False,False,,,29.818498062508173,32.16468551206798,True,True,False,False,0.20532454629448346,0.0,0.20532454629448346,False,missing,max,none,none,0,moving_average,4,2.0,peak,5,-1,-1,5,False,0.20532454629448346,False,False,False,False,False,False,False,,
frame_000217.jpg,,,217,False,,,,0.0,False,False,False,False,False,0.556983166929609,0.12,0.18,True,True,False,False,False,,,29.75518680649477,32.16468551206798,True,True,False,False,0.18953035042567704,0.0,0.18953035042567704,False,missing,max,none,none,0,moving_average,4,2.0,peak,5,-1,-1,5,False,0.18953035042567704,False,False,False,False,False,False,False,,
frame_000218.jpg,,,218,False,,,,0.0,False,False,False,False,False,0.556983166929609,0.12,0.18,True,True,False,False,False,,,29.691875550481367,32.16468551206798,True,True,False,False,0.17373615455687064,0.0,0.17373615455687064,False,missing,max,none,none,0,moving_average,4,2.0,peak,5,-1,-1,5,False,0.1737361545568706,False,False,False,False,False,False,False,,
frame_000219.jpg,,,219,False,,,,0.0,False,False,False,False,False,0.556983166929609,0.12,0.18,True,True,False,False,False,,,29.628564294467964,32.16468551206798,True,True,False,False,0.1579419586880642,0.0,0.1579419586880642,False,missing,max,none,none,0,moving_average,4,2.0,peak,5,-1,-1,5,False,0.1579419586880642,False,False,False,False,False,False,False,,
frame_000220.jpg,,,220,False,,,,0.0,False,False,False,False,False,0.556983166929609,0.12,0.18,True,True,False,False,False,,,29.56525303845456,32.16468551206798,True,True,False,False,0.14214776281925778,0.0,0.14214776281925778,False,missing,max,none,none,0,moving_average,4,2.0,peak,5,-1,-1,5,False,0.14214776281925778,False,False,False,False,False,False,False,,
frame_000221.jpg,,,221,False,,,,0.0,False,False,False,False,False,0.556983166929609,0.12,0.18,True,True,False,False,False,,,29.501941782441158,32.16468551206798,True,True,False,False,0.12635356695045136,0.0,0.12635356695045136,False,missing,max,none,none,0,moving_average,4,2.0,peak,5,-1,-1,5,False,0.12635356695045136,False,False,False,False,False,False,False,,
frame_000222.jpg,,,222,False,,,,0.0,False,False,False,False,False,0.556983166929609,0.12,0.18,True,True,False,False,False,,,29.438630526427755,32.16468551206798,True,True,False,False,0.11055937108164494,0.0,0.11055937108164494,False,missing,max,none,none,0,moving_average,4,2.0,peak,5,-1,-1,5,False,0.11055937108164494,False,False,False,False,False,False,False,,
frame_000223.jpg,,,223,False,,,,0.0,False,False,False,False,False,0.556983166929609,0.12,0.18,True,True,False,False,False,,,29.37531927041435,32.16468551206798,True,True,False,False,0.09476517521283852,0.0,0.09476517521283852,False,missing,max,none,none,0,moving_average,4,2.0,peak,5,-1,-1,5,False,0.09476517521283852,False,False,False,False,False,False,False,,
frame_000224.jpg,,,224,False,,,,0.0,False,False,False,False,False,0.556983166929609,0.12,0.18,True,True,False,False,False,,,29.31200801440095,32.16468551206798,True,True,False,False,0.0789709793440321,0.0,0.0789709793440321,False,missing,max,none,none,0,moving_average,4,2.0,peak,5,-1,-1,5,False,0.07897097934403209,False,False,False,False,False,False,False,,
frame_000225.jpg,,,225,False,,,,0.0,False,False,False,False,False,0.556983166929609,0.12,0.18,True,True,False,False,False,,,29.248696758387545,32.16468551206798,True,True,False,False,0.06317678347522568,0.0,0.06317678347522568,False,missing,max,none,none,0,moving_average,4,2.0,peak,5,-1,-1,5,False,0.06317678347522568,False,False,False,False,False,False,False,,
frame_000226.jpg,,,226,False,,,,0.0,False,False,False,False,False,0.556983166929609,0.12,0.18,True,True,False,False,False,,,29.185385502374142,32.16468551206798,True,True,False,False,0.04738258760641926,0.0,0.04738258760641926,False,missing,max,none,none,0,moving_average,4,2.0,peak,5,-1,-1,5,False,0.04738258760641926,False,False,False,False,False,False,False,,
frame_000227.jpg,,,227,False,,,,0.0,False,False,False,False,False,0.556983166929609,0.12,0.18,True,True,False,False,False,,,29.12207424636074,32.16468551206798,True,True,False,False,0.03158839173761284,0.0,0.03158839173761284,False,missing,max,none,none,0,moving_average,4,2.0,peak,5,-1,-1,5,False,0.03158839173761284,False,False,False,False,False,False,False,,
frame_000228.jpg,,,228,False,,,,0.0,False,False,False,False,False,0.556983166929609,0.12,0.18,True,True,False,False,False,,,29.058762990347336,32.16468551206798,True,True,False,False,0.01579419586880642,0.0,0.01579419586880642,False,missing,max,none,none,0,moving_average,4,2.0,peak,5,-1,-1,5,False,0.01579419586880642,False,False,False,False,False,False,False,,
frame_000229.jpg,28.995451734333933,32.16468551206798,229,True,,,,0.0,False,False,False,False,False,0.556983166929609,0.12,0.18,False,False,True,True,True,28.995451734333933,32.16468551206798,28.995451734333933,32.16468551206798,False,False,False,False,0.0,0.0,0.0,False,both,max,none,none,0,moving_average,4,2.0,peak,5,-1,-1,5,False,0.04230176899330554,False,False,False,False,False,False,False,,
frame_000230.jpg,,,230,False,,,,0.0,False,False,False,False,False,0.556983166929609,0.12,0.18,True,True,False,False,False,,,29.074439734047335,32.26187012200996,True,True,False,False,0.019705057478161255,0.1111111111111102,0.1111111111111102,False,missing,max,none,none,0,moving_average,4,2.0,peak,5,-1,-1,5,False,0.11111111111111019,False,False,False,False,False,False,False,,
frame_000231.jpg,,,231,False,,,,0.0,False,False,False,False,False,0.556983166929609,0.12,0.18,True,True,False,False,False,,,29.15342773376074,32.359054731951936,True,True,False,False,0.0394101149563234,0.2222222222222204,0.2222222222222204,False,missing,max,none,none,0,moving_average,4,2.0,peak,5,-1,-1,5,False,0.2222222222222204,False,False,False,False,False,False,False,,
frame_000232.jpg,,,232,False,,,,0.0,False,False,False,False,False,0.556983166929609,0.12,0.18,True,True,False,False,False,,,29.23241573347414,32.45623934189391,True,True,False,False,0.05911517243448465,0.33333333333333065,0.33333333333333065,False,missing,max,none,none,0,moving_average,4,2.0,peak,5,-1,-1,5,False,0.3333333333333306,False,False,False,False,False,False,False,,
frame_000233.jpg,,,233,False,,,,0.0,False,False,False,False,False,0.556983166929609,0.12,0.18,True,True,False,False,False,,,29.311403733187547,32.55342395183589,True,True,False,False,0.0788202299126468,0.4444444444444408,0.4444444444444408,False,missing,max,none,none,0,moving_average,4,2.0,peak,5,-1,-1,5,False,0.44444444444444353,False,False,False,False,False,False,False,,
frame_000234.jpg,,,234,False,,,,0.0,False,False,False,False,False,0.556983166929609,0.12,0.18,True,True,False,False,False,,,29.390391732900948,32.65060856177787,True,True,False,False,0.09852528739080804,0.5555555555555591,0.5555555555555591,False,missing,max,none,none,0,moving_average,4,2.0,peak,5,-1,-1,5,False,0.5555555555555564,False,False,False,False,False,False,False,,
frame_000235.jpg,,,235,False,,,,0.0,False,False,False,False,False,0.556983166929609,0.12,0.18,True,True,False,False,False,,,29.46937973261435,32.74779317171985,True,True,False,False,0.1182303448689693,0.6666666666666694,0.6666666666666694,False,missing,max,none,none,0,moving_average,4,2.0,peak,5,-1,-1,5,False,0.6666666666666694,False,False,False,False,False,False,False,,
frame_000236.jpg,,,236,False,,,,0.0,False,False,False,False,False,0.556983166929609,0.12,0.18,True,True,False,False,False,,,29.548367732327755,32.844977781661825,True,True,False,False,0.13793540234713145,0.7777777777777796,0.7777777777777796,False,missing,max,none,none,0,moving_average,4,2.0,peak,5,-1,-1,5,False,0.7777777777777796,False,False,False,False,False,False,False,,
frame_000237.jpg,,,237,False,,,,0.0,False,False,False,False,False,0.556983166929609,0.12,0.18,True,True,False,False,False,,,29.627355732041156,32.9421623916038,True,True,False,False,0.1576404598252927,0.8888888888888898,0.8888888888888898,False,missing,max,none,none,0,moving_average,4,2.0,peak,5,-1,-1,5,False,0.8888888888888897,True,False,False,False,False,False,False,5,
frame_000238.jpg,,33.03934700154578,238,True,,,,0.0,False,False,False,False,False,0.556983166929609,0.12,0.18,True,False,False,True,True,,33.03934700154578,29.70634373175456,33.03934700154578,True,False,False,False,0.17734551730345482,1.0,1.0,False,right_only,max,none,none,0,moving_average,4,2.0,peak,5,-1,-1,5,False,0.883432798701056,False,False,False,False,False,False,False,,
frame_000239.jpg,,,239,False,,,,0.0,False,False,False,False,False,0.556983166929609,0.12,0.18,True,True,False,False,False,,,29.785331731467963,32.83066108575058,True,True,False,False,0.19705057478161608,0.7614095072142781,0.7614095072142781,False,missing,max,none,none,0,moving_average,4,2.0,peak,5,-1,-1,5,False,0.7614095072142808,False,False,False,False,False,False,False,,
frame_000240.jpg,,,240,False,,,,0.0,False,False,False,False,False,0.556983166929609,0.12,0.18,True,True,False,False,False,,,29.864319731181368,32.621975169955384,True,True,False,False,0.21675563225977823,0.5228190144285644,0.5228190144285644,False,missing,max,none,none,0,moving_average,4,2.0,peak,5,-1,-1,5,False,0.5228190144285616,False,False,False,False,False,False,False,,
frame_000241.jpg,29.94330773089477,32.41328925416018,241,True,,,,0.0,False,False,False,False,False,0.556983166929609,0.12,0.18,False,False,True,True,True,29.94330773089477,32.41328925416018,29.94330773089477,32.41328925416018,False,False,False,False,0.2364606897379395,0.28422852164284246,0.28422852164284246,False,both,max,none,none,0,moving_average,4,2.0,peak,5,-1,-1,5,False,0.3637586859047498,False,False,False,False,False,False,False,,
frame_000242.jpg,,,242,False,,,,0.0,False,False,False,False,False,0.556983166929609,0.12,0.18,True,True,False,False,False,,,29.94330773089477,32.41328925416018,True,True,False,False,0.2364606897379395,0.28422852164284246,0.28422852164284246,False,missing,max,none,none,0,moving_average,4,2.0,peak,5,-1,-1,5,False,0.2842285216428424,False,False,False,False,False,False,False,,
frame_000243.jpg,,,243,False,,,,0.0,False,False,False,False,False,0.556983166929609,0.12,0.18,True,True,False,False,False,,,29.94330773089477,32.41328925416018,True,True,False,False,0.2364606897379395,0.28422852164284246,0.28422852164284246,False,missing,max,none,none,0,moving_average,4,2.0,peak,5,-1,-1,5,False,0.2842285216428424,False,False,False,False,False,False,False,,
frame_000244.jpg,,,244,False,,,,0.0,False,False,False,False,False,0.556983166929609,0.12,0.18,True,True,False,False,False,,,29.94330773089477,32.41328925416018,True,True,False,False,0.2364606897379395,0.28422852164284246,0.28422852164284246,False,missing,max,none,none,0,moving_average,4,2.0,peak,5,-1,-1,5,False,0.2842285216428424,False,False,False,False,False,False,False,,
frame_000245.jpg,,,245,False,,,,0.0,False,False,False,False,False,0.556983166929609,0.12,0.18,True,True,False,False,False,,,29.94330773089477,32.41328925416018,True,True,False,False,0.2364606897379395,0.28422852164284246,0.28422852164284246,False,missing,max,none,none,0,moving_average,4,2.0,peak,5,-1,-1,5,False,0.2842285216428424,False,False,False,False,False,False,False,,
frame_000246.jpg,,,246,False,,,,0.0,False,False,False,False,False,0.556983166929609,0.12,0.18,True,True,False,False,False,,,29.94330773089477,32.41328925416018,True,True,False,False,0.2364606897379395,0.28422852164284246,0.28422852164284246,False,missing,max,none,none,0,moving_average,4,2.0,peak,5,-1,-1,5,False,0.2842285216428424,False,False,False,False,False,False,False,,
frame_000247.jpg,,,247,False,,,,0.0,False,False,False,False,False,0.556983166929609,0.12,0.18,True,True,False,False,False,,,29.94330773089477,32.41328925416018,True,True,False,False,0.2364606897379395,0.28422852164284246,0.28422852164284246,False,missing,max,none,none,0,moving_average,4,2.0,peak,5,-1,-1,5,False,0.2842285216428424,False,False,False,False,False,False,False,,
frame_000248.jpg,,,248,False,,,,0.0,False,False,False,False,False,0.556983166929609,0.12,0.18,True,True,False,False,False,,,29.94330773089477,32.41328925416018,True,True,False,False,0.2364606897379395,0.28422852164284246,0.28422852164284246,False,missing,max,none,none,0,moving_average,4,2.0,peak,5,-1,-1,5,False,0.2842285216428424,False,False,False,False,False,False,False,,
frame_000249.jpg,,,249,False,,,,0.0,False,False,False,False,False,0.556983166929609,0.12,0.18,True,True,False,False,False,,,29.94330773089477,32.41328925416018,True,True,False,False,0.2364606897379395,0.28422852164284246,0.28422852164284246,False,missing,max,none,none,0,moving_average,4,2.0,peak,5,-1,-1,5,False,0.2842285216428424,False,False,False,False,False,False,False,,
frame_000250.jpg,,,250,False,,,,0.0,False,False,False,False,False,0.556983166929609,0.12,0.18,True,True,False,False,False,,,29.94330773089477,32.41328925416018,True,True,False,False,0.2364606897379395,0.28422852164284246,0.28422852164284246,False,missing,max,none,none,0,moving_average,4,2.0,peak,5,-1,-1,5,False,0.2842285216428424,False,False,False,False,False,False,False,,
frame_000251.jpg,,,251,False,,,,0.0,False,False,False,False,False,0.556983166929609,0.12,0.18,True,True,False,False,False,,,29.94330773089477,32.41328925416018,True,True,False,False,0.2364606897379395,0.28422852164284246,0.28422852164284246,False,missing,max,none,none,0,moving_average,4,2.0,peak,5,-1,-1,5,False,0.2842285216428424,False,False,False,False,False,False,False,,
frame_000252.jpg,,,252,False,,,,0.0,False,False,False,False,False,0.556983166929609,0.12,0.18,True,True,False,False,False,,,29.94330773089477,32.41328925416018,True,True,False,False,0.2364606897379395,0.28422852164284246,0.28422852164284246,False,missing,max,none,none,0,moving_average,4,2.0,peak,5,-1,-1,5,False,0.2842285216428424,False,False,False,False,False,False,False,,
frame_000253.jpg,,,253,False,,,,0.0,False,False,False,False,False,0.556983166929609,0.12,0.18,True,True,False,False,False,,,29.94330773089477,32.41328925416018,True,True,False,False,0.2364606897379395,0.28422852164284246,0.28422852164284246,False,missing,max,none,none,0,moving_average,4,2.0,peak,5,-1,-1,5,False,0.2842285216428424,False,False,False,False,False,False,False,,
frame_000254.jpg,,,254,False,,,,0.0,False,False,False,False,False,0.556983166929609,0.12,0.18,True,True,False,False,False,,,29.94330773089477,32.41328925416018,True,True,False,False,0.2364606897379395,0.28422852164284246,0.28422852164284246,False,missing,max,none,none,0,moving_average,4,2.0,peak,5,-1,-1,5,False,0.2842285216428424,False,False,False,False,False,False,False,,
frame_000255.jpg,,,255,False,,,,0.0,False,False,False,False,False,0.556983166929609,0.12,0.18,True,True,False,False,False,,,29.94330773089477,32.41328925416018,True,True,False,False,0.2364606897379395,0.28422852164284246,0.28422852164284246,False,missing,max,none,none,0,moving_average,4,2.0,peak,5,-1,-1,5,False,0.2842285216428424,False,False,False,False,False,False,False,,
frame_000256.jpg,,,256,False,,,,0.0,False,False,False,False,False,0.556983166929609,0.12,0.18,True,True,False,False,False,,,29.94330773089477,32.41328925416018,True,True,False,False,0.2364606897379395,0.28422852164284246,0.28422852164284246,False,missing,max,none,none,0,moving_average,4,2.0,peak,5,-1,-1,5,False,0.2842285216428424,False,False,False,False,False,False,False,,
frame_000257.jpg,,,257,False,,,,0.0,False,False,False,False,False,0.556983166929609,0.12,0.18,True,True,False,False,False,,,29.94330773089477,32.41328925416018,True,True,False,False,0.2364606897379395,0.28422852164284246,0.28422852164284246,False,missing,max,none,none,0,moving_average,4,2.0,peak,5,-1,-1,5,False,0.2842285216428424,False,False,False,False,False,False,False,,
frame_000258.jpg,,,258,False,,,,0.0,False,False,False,False,False,0.556983166929609,0.12,0.18,True,True,False,False,False,,,29.94330773089477,32.41328925416018,True,True,False,False,0.2364606897379395,0.28422852164284246,0.28422852164284246,False,missing,max,none,none,0,moving_average,4,2.0,peak,5,-1,-1,5,False,0.2842285216428424,False,False,False,False,False,False,False,,
frame_000259.jpg,,,259,False,,,,0.0,False,False,False,False,False,0.556983166929609,0.12,0.18,True,True,False,False,False,,,29.94330773089477,32.41328925416018,True,True,False,False,0.2364606897379395,0.28422852164284246,0.28422852164284246,False,missing,max,none,none,0,moving_average,4,2.0,peak,5,-1,-1,5,False,0.2842285216428424,False,False,False,False,False,False,False,,
frame_000260.jpg,,,260,False,,,,0.0,False,False,False,False,False,0.556983166929609,0.12,0.18,True,True,False,False,False,,,29.94330773089477,32.41328925416018,True,True,False,False,0.2364606897379395,0.28422852164284246,0.28422852164284246,False,missing,max,none,none,0,moving_average,4,2.0,peak,5,-1,-1,5,False,,False,False,False,False,False,False,False,,
