frame_name,left_temp,right_temp,left_x,left_y,right_x,right_y,left_conf,right_conf,nostril_spacing,roi_radius,left_source,right_source,status,left_temp_r16,left_temp_r17,left_temp_r18,left_temp_r19,left_temp_r20,left_temp_r21,left_temp_r22,left_temp_r23,left_temp_r24,right_temp_r16,right_temp_r17,right_temp_r18,right_temp_r19,right_temp_r20,right_temp_r21,right_temp_r22,right_temp_r23,right_temp_r24
frame_000000.jpg,,,,,,,,,,20,missing,missing,no_detection,,,,,,,,,,,,,,,,,,
frame_000001.jpg,,,,,,,,,,20,missing,missing,no_detection,,,,,,,,,,,,,,,,,,
frame_000002.jpg,,,,,,,,,,20,missing,missing,no_detection,,,,,,,,,,,,,,,,,,
frame_000003.jpg,,,,,,,,,,20,missing,missing,no_detection,,,,,,,,,,,,,,,,,,
frame_000004.jpg,,,,,,,,,,20,missing,missing,no_detection,,,,,,,,,,,,,,,,,,
frame_000005.jpg,,,,,,,,,,20,missing,missing,no_detection,,,,,,,,,,,,,,,,,,
frame_000006.jpg,,,,,,,,,,20,missing,missing,no_detection,,,,,,,,,,,,,,,,,,
frame_000007.jpg,,,,,,,,,,20,missing,missing,no_detection,,,,,,,,,,,,,,,,,,
frame_000008.jpg,,,,,,,,,,20,missing,missing,no_detection,,,,,,,,,,,,,,,,,,
frame_000009.jpg,,,,,,,,,,20,missing,missing,no_detection,,,,,,,,,,,,,,,,,,
frame_000010.jpg,,,,,,,,,,20,missing,missing,no_detection,,,,,,,,,,,,,,,,,,
frame_000011.jpg,,,,,,,,,,20,missing,missing,no_detection,,,,,,,,,,,,,,,,,,
frame_000012.jpg,,,,,,,,,,20,missing,missing,no_detection,,,,,,,,,,,,,,,,,,
frame_000013.jpg,,,,,,,,,,20,missing,missing,no_detection,,,,,,,,,,,,,,,,,,
frame_000014.jpg,,,,,,,,,,20,missing,missing,no_detection,,,,,,,,,,,,,,,,,,
frame_000015.jpg,30.454452910415476,30.184390486804354,676.9879760742188,566.9158325195312,593.1316528320312,567.1821899414062,0.8995718359947205,0.5590468645095825,83.85674626393767,20,detected,detected,ok,30.45521545808267,30.45798342109993,30.459131921717535,30.456492935044913,30.454452910415476,30.450488186274974,30.444558804684263,30.438636917135263,30.43250400237228,30.05171009677687,30.0812997297512,30.11250789870968,30.14824877855639,30.184390486804354,30.216364934897577,30.25275705390674,30.285265222637438,30.31741586513887
frame_000016.jpg,,,,,,,,,,20,missing,missing,no_detection,,,,,,,,,,,,,,,,,,
frame_000017.jpg,,,,,,,,,,20,missing,missing,no_detection,,,,,,,,,,,,,,,,,,
frame_000018.jpg,,,,,,,,,,20,missing,missing,no_detection,,,,,,,,,,,,,,,,,,
frame_000019.jpg,30.896612816976546,30.565042819764003,639.4227294921875,566.780029296875,553.8790893554688,568.7059173583984,0.9587322473526001,0.4287257790565491,85.56531664562434,20,detected,opposite_inferred,opposite_inferred_repair,30.919804766573577,30.915424604071376,30.91021467174902,30.902995073977927,30.896612816976546,30.890631657364988,30.885247638872176,30.880749067760956,30.877212479789524,30.420196927981042,30.454676227023313,30.48931957157143,30.526654226453488,30.565042819764003,30.5991605584115,30.637341312810342,30.67117879145176,30.702692726281153
frame_000020.jpg,,,,,,,,,,20,missing,missing,no_detection,,,,,,,,,,,,,,,,,,
frame_000021.jpg,,,,,,,,,,20,missing,missing,no_detection,,,,,,,,,,,,,,,,,,
frame_000022.jpg,,,,,,,,,,20,missing,missing,no_detection,,,,,,,,,,,,,,,,,,
frame_000023.jpg,,,,,,,,,,20,missing,missing,no_detection,,,,,,,,,,,,,,,,,,
frame_000024.jpg,,,,,,,,,,20,missing,missing,no_detection,,,,,,,,,,,,,,,,,,
frame_000025.jpg,,,,,,,,,,20,missing,missing,no_detection,,,,,,,,,,,,,,,,,,
frame_000026.jpg,,,,,,,,,,20,missing,missing,no_detection,,,,,,,,,,,,,,,,,,
frame_000027.jpg,,,,,,,,,,20,missing,missing,no_detection,,,,,,,,,,,,,,,,,,
frame_000028.jpg,,,,,,,,,,20,missing,missing,no_detection,,,,,,,,,,,,,,,,,,
frame_000029.jpg,,,,,,,,,,20,missing,missing,no_detection,,,,,,,,,,,,,,,,,,
frame_000030.jpg,,,,,,,,,,20,missing,missing,no_detection,,,,,,,,,,,,,,,,,,
frame_000031.jpg,,,,,,,,,,20,missing,missing,no_detection,,,,,,,,,,,,,,,,,,
frame_000032.jpg,,,,,,,,,,20,missing,missing,no_detection,,,,,,,,,,,,,,,,,,
frame_000033.jpg,,,,,,,,,,20,missing,missing,no_detection,,,,,,,,,,,,,,,,,,
frame_000034.jpg,,,,,,,,,,20,missing,missing,no_detection,,,,,,,,,,,,,,,,,,
frame_000035.jpg,,,,,,,,,,20,missing,missing,no_detection,,,,,,,,,,,,,,,,,,
frame_000036.jpg,,,,,,,,,,20,missing,missing,no_detection,,,,,,,,,,,,,,,,,,
frame_000037.jpg,,,,,,,,,,20,missing,missing,no_detection,,,,,,,,,,,,,,,,,,
frame_000038.jpg,,,,,,,,,,20,missing,missing,no_detection,,,,,,,,,,,,,,,,,,
frame_000039.jpg,,,,,,,,,,20,missing,missing,no_detection,,,,,,,,,,,,,,,,,,
frame_000040.jpg,,,,,,,,,,20,missing,missing,no_detection,,,,,,,,,,,,,,,,,,
frame_000041.jpg,,,,,,,,,,20,missing,missing,no_detection,,,,,,,,,,,,,,,,,,
frame_000042.jpg,,,,,,,,,,20,missing,missing,no_detection,,,,,,,,,,,,,,,,,,
frame_000043.jpg,,,,,,,,,,20,missing,missing,no_detection,,,,,,,,,,,,,,,,,,
frame_000044.jpg,,,,,,,,,,20,missing,missing,no_detection,,,,,,,,,,,,,,,,,,
frame_000045.jpg,,,,,,,,,,20,missing,missing,no_detection,,,,,,,,,,,,,,,,,,
frame_000046.jpg,,,,,,,,,,20,missing,missing,no_detection,,,,,,,,,,,,,,,,,,
frame_000047.jpg,,,,,,,,,,20,missing,missing,no_detection,,,,,,,,,,,,,,,,,,
frame_000048.jpg,,,,,,,,,,20,missing,missing,no_detection,,,,,,,,,,,,,,,,,,
frame_000049.jpg,,,,,,,,,,20,missing,missing,no_detection,,,,,,,,,,,,,,,,,,
frame_000050.jpg,,,,,,,,,,20,missing,missing,no_detection,,,,,,,,,,,,,,,,,,
frame_000051.jpg,,,,,,,,,,20,missing,missing,no_detection,,,,,,,,,,,,,,,,,,
frame_000052.jpg,,,,,,,,,,20,missing,missing,no_detection,,,,,,,,,,,,,,,,,,
frame_000053.jpg,29.991550469084657,29.95931181790274,654.5655517578125,429.37477111816406,569.0219116210938,431.3006591796875,0.00995479617267847,0.9117269515991211,85.56531664562434,20,opposite_inferred,detected,opposite_inferred_repair,29.9862250496358,29.990338159057465,29.99113820423697,29.991406300306632,29.991550469084657,29.990081440827268,29.989481621229974,29.988755506186035,29.987940200805124,30.030909815936745,30.01077617764647,29.99271054312049,29.97414533613351,29.95931181790274,29.9458339216175,29.93484029696881,29.92688492876286,29.921563594611232
frame_000054.jpg,29.993447577105,30.055000416063976,650.9320068359375,441.7110137939453,565.3883666992188,443.63690185546875,0.14248181879520416,0.9578718543052673,85.56531664562434,20,opposite_inferred,detected,opposite_inferred_repair,30.020117839195592,30.012876378657204,30.005920520881496,29.999265248830948,29.993447577105,29.9884470245167,29.982563190672508,29.97797913924802,29.973023492651965,30.0794637493428,30.070022195821668,30.063313719288463,30.057334378898332,30.055000416063976,30.05233031179185,30.053695258524115,30.055196769703183,30.05790944996142
frame_000055.jpg,,,,,,,,,,20,missing,missing,no_detection,,,,,,,,,,,,,,,,,,
frame_000056.jpg,,,,,,,,,,20,missing,missing,no_detection,,,,,,,,,,,,,,,,,,
frame_000057.jpg,,,,,,,,,,20,missing,missing,no_detection,,,,,,,,,,,,,,,,,,
frame_000058.jpg,,,,,,,,,,20,missing,missing,no_detection,,,,,,,,,,,,,,,,,,
frame_000059.jpg,,,,,,,,,,20,missing,missing,no_detection,,,,,,,,,,,,,,,,,,
frame_000060.jpg,,,,,,,,,,20,missing,missing,no_detection,,,,,,,,,,,,,,,,,,
frame_000061.jpg,,,,,,,,,,20,missing,missing,no_detection,,,,,,,,,,,,,,,,,,
frame_000062.jpg,,,,,,,,,,20,missing,missing,no_detection,,,,,,,,,,,,,,,,,,
frame_000063.jpg,,,,,,,,,,20,missing,missing,no_detection,,,,,,,,,,,,,,,,,,
frame_000064.jpg,,,,,,,,,,20,missing,missing,no_detection,,,,,,,,,,,,,,,,,,
frame_000065.jpg,,,,,,,,,,20,missing,missing,no_detection,,,,,,,,,,,,,,,,,,
frame_000066.jpg,,,,,,,,,,20,missing,missing,no_detection,,,,,,,,,,,,,,,,,,
frame_000067.jpg,,,,,,,,,,20,missing,missing,no_detection,,,,,,,,,,,,,,,,,,
frame_000068.jpg,,,,,,,,,,20,missing,missing,no_detection,,,,,,,,,,,,,,,,,,
frame_000069.jpg,,,,,,,,,,20,missing,missing,no_detection,,,,,,,,,,,,,,,,,,
frame_000070.jpg,,,,,,,,,,20,missing,missing,no_detection,,,,,,,,,,,,,,,,,,
frame_000071.jpg,,,,,,,,,,20,missing,missing,no_detection,,,,,,,,,,,,,,,,,,
frame_000072.jpg,,,,,,,,,,20,missing,missing,no_detection,,,,,,,,,,,,,,,,,,
frame_000073.jpg,,,,,,,,,,20,missing,missing,no_detection,,,,,,,,,,,,,,,,,,
frame_000074.jpg,,,,,,,,,,20,missing,missing,no_detection,,,,,,,,,,,,,,,,,,
frame_000075.jpg,,,,,,,,,,20,missing,missing,no_detection,,,,,,,,,,,,,,,,,,
frame_000076.jpg,30.709434034529213,30.470027616358745,615.6058959960938,477.8748474121094,525.74609375,480.2840576171875,0.9945559501647949,0.9038682579994202,89.89209283090102,20,detected,detected,ok,30.816635475746192,30.78662725795436,30.75892374826437,30.73360148352736,30.709434034529213,30.68791452397434,30.66356638410152,30.641878650881527,30.62149749591179,30.560298074851715,30.533822677564526,30.510944582464514,30.488173220983292,30.470027616358745,30.456685171500336,30.447370231709993,30.44215143761433,30.438941482275954
frame_000077.jpg,30.841976253978977,30.552560707943666,615.3762817382812,480.22705078125,525.1885986328125,483.44781494140625,0.9914447665214539,0.6535325050354004,90.24517441784796,20,detected,detected,ok,30.922751841280714,30.90404830714998,30.88378899713264,30.861965987738447,30.841976253978977,30.825661304347502,30.808169911883482,30.794157602190808,30.780063362191463,30.569892808933044,30.559522373158142,30.553169884920223,30.55137522016034,30.552560707943666,30.552638396824573,30.55539128880327,30.558697475842756,30.564064289080875
frame_000078.jpg,30.902309721759437,30.52389471047541,615.889404296875,479.52130126953125,525.5418090820312,482.4483642578125,0.9937451481819153,0.8018442392349243,90.39499797468123,20,detected,detected,ok,30.991352425574686,30.969906875931198,30.948247836457924,30.925165794445288,30.902309721759437,30.88213010467989,30.860632250009182,30.84245801998805,30.82530517462247,30.553312222241168,30.540302968347586,30.53010760628665,30.524967639468315,30.52389471047541,30.523055580563348,30.524935397937668,30.528753947631138,30.53337816640725
frame_000079.jpg,30.878085677584743,30.48865061823129,615.3542785644531,479.6170196533203,527.4086608886719,481.5376892089844,,,,20,tracked,tracked,tracked_repair,30.966158924977645,30.943774337617118,30.923108549948232,30.900138458866618,30.878085677584743,30.860317637962307,30.84136685197407,30.826183543612487,30.811078589892837,30.501776172426194,30.494024160693872,30.489204479167977,30.487161544408075,30.48865061823129,30.49090317503561,30.49615154439121,30.50221570852814,30.509298536783067
frame_000080.jpg,30.898010333754815,30.433230458439635,614.8191528320312,479.7127380371094,529.2755126953125,480.62701416015625,0.9990108013153076,0.9959694147109985,85.54852581236928,20,detected,detected,ok,31.006158661855995,30.97896283943795,30.953134616251468,30.925348585154296,30.898010333754815,30.875550809598472,30.85142707097709,30.830934939382118,30.81142808323803,30.427113896532457,30.429014528711217,30.430601849270413,30.430879729046996,30.433230458439635,30.43435389490646,30.439853995208406,30.445617575400924,30.45176271424487
frame_000081.jpg,,,,,,,,,,20,missing,missing,no_detection,,,,,,,,,,,,,,,,,,
frame_000082.jpg,30.774932811144428,30.05942070005261,539.8026123046875,470.3175048828125,465.9856262207031,465.51007080078125,0.8863205909729004,0.8755542039871216,73.97336586215486,20,detected,detected,ok,30.81429460024521,30.804170485863914,30.793974396827796,30.78374836494721,30.774932811144428,30.76646185778176,30.757053240597614,30.748278171916677,30.739319035743197,30.03551429386592,30.04047192236562,30.047313786293273,30.052612482862568,30.05942070005261,30.0621321068395,30.068458741384767,30.072627939914078,30.07515969640834
frame_000083.jpg,,,,,,,,,,20,missing,missing,no_detection,,,,,,,,,,,,,,,,,,
frame_000084.jpg,,,,,,,,,,20,missing,missing,no_detection,,,,,,,,,,,,,,,,,,
frame_000085.jpg,,,,,,,,,,20,missing,missing,no_detection,,,,,,,,,,,,,,,,,,
frame_000086.jpg,,,,,,,,,,20,missing,missing,no_detection,,,,,,,,,,,,,,,,,,
frame_000087.jpg,,,,,,,,,,20,missing,missing,no_detection,,,,,,,,,,,,,,,,,,
frame_000088.jpg,,,,,,,,,,20,missing,missing,no_detection,,,,,,,,,,,,,,,,,,
frame_000089.jpg,,,,,,,,,,20,missing,missing,no_detection,,,,,,,,,,,,,,,,,,
frame_000090.jpg,,,,,,,,,,20,missing,missing,no_detection,,,,,,,,,,,,,,,,,,
frame_000091.jpg,,,,,,,,,,20,missing,missing,no_detection,,,,,,,,,,,,,,,,,,
frame_000092.jpg,,,,,,,,,,20,missing,missing,no_detection,,,,,,,,,,,,,,,,,,
frame_000093.jpg,,,,,,,,,,20,missing,missing,no_detection,,,,,,,,,,,,,,,,,,
frame_000094.jpg,,,,,,,,,,20,missing,missing,no_detection,,,,,,,,,,,,,,,,,,
frame_000095.jpg,,,,,,,,,,20,missing,missing,no_detection,,,,,,,,,,,,,,,,,,
frame_000096.jpg,,,,,,,,,,20,missing,missing,no_detection,,,,,,,,,,,,,,,,,,
frame_000097.jpg,,,,,,,,,,20,missing,missing,no_detection,,,,,,,,,,,,,,,,,,
frame_000098.jpg,,,,,,,,,,20,missing,missing,no_detection,,,,,,,,,,,,,,,,,,
frame_000099.jpg,,,,,,,,,,20,missing,missing,no_detection,,,,,,,,,,,,,,,,,,
frame_000100.jpg,,,,,,,,,,20,missing,missing,no_detection,,,,,,,,,,,,,,,,,,
frame_000101.jpg,,,,,,,,,,20,missing,missing,no_detection,,,,,,,,,,,,,,,,,,
frame_000102.jpg,,,,,,,,,,20,missing,missing,no_detection,,,,,,,,,,,,,,,,,,
frame_000103.jpg,,,,,,,,,,20,missing,missing,no_detection,,,,,,,,,,,,,,,,,,
frame_000104.jpg,,,,,,,,,,20,missing,missing,no_detection,,,,,,,,,,,,,,,,,,
frame_000105.jpg,,,,,,,,,,20,missing,missing,no_detection,,,,,,,,,,,,,,,,,,
frame_000106.jpg,,,,,,,,,,20,missing,missing,no_detection,,,,,,,,,,,,,,,,,,
frame_000107.jpg,,,,,,,,,,20,missing,missing,no_detection,,,,,,,,,,,,,,,,,,
frame_000108.jpg,,,,,,,,,,20,missing,missing,no_detection,,,,,,,,,,,,,,,,,,
frame_000109.jpg,,,,,,,,,,20,missing,missing,no_detection,,,,,,,,,,,,,,,,,,
frame_000110.jpg,,,,,,,,,,20,missing,missing,no_detection,,,,,,,,,,,,,,,,,,
frame_000111.jpg,,,,,,,,,,20,missing,missing,no_detection,,,,,,,,,,,,,,,,,,
frame_000112.jpg,,,,,,,,,,20,missing,missing,no_detection,,,,,,,,,,,,,,,,,,
frame_000113.jpg,,,,,,,,,,20,missing,missing,no_detection,,,,,,,,,,,,,,,,,,
frame_000114.jpg,,,,,,,,,,20,missing,missing,no_detection,,,,,,,,,,,,,,,,,,
frame_000115.jpg,,,,,,,,,,20,missing,missing,no_detection,,,,,,,,,,,,,,,,,,
frame_000116.jpg,,,,,,,,,,20,missing,missing,no_detection,,,,,,,,,,,,,,,,,,
frame_000117.jpg,,,,,,,,,,20,missing,missing,no_detection,,,,,,,,,,,,,,,,,,
frame_000118.jpg,,,,,,,,,,20,missing,missing,no_detection,,,,,,,,,,,,,,,,,,
frame_000119.jpg,,,,,,,,,,20,missing,missing,no_detection,,,,,,,,,,,,,,,,,,
frame_000120.jpg,,,,,,,,,,20,missing,missing,no_detection,,,,,,,,,,,,,,,,,,
frame_000121.jpg,,,,,,,,,,20,missing,missing,no_detection,,,,,,,,,,,,,,,,,,
frame_000122.jpg,,,,,,,,,,20,missing,missing,no_detection,,,,,,,,,,,,,,,,,,
frame_000123.jpg,,,,,,,,,,20,missing,missing,no_detection,,,,,,,,,,,,,,,,,,
frame_000124.jpg,,,,,,,,,,20,missing,missing,no_detection,,,,,,,,,,,,,,,,,,
frame_000125.jpg,,,,,,,,,,20,missing,missing,no_detection,,,,,,,,,,,,,,,,,,
frame_000126.jpg,,,,,,,,,,20,missing,missing,no_detection,,,,,,,,,,,,,,,,,,
frame_000127.jpg,,,,,,,,,,20,missing,missing,no_detection,,,,,,,,,,,,,,,,,,
frame_000128.jpg,,,,,,,,,,20,missing,missing,no_detection,,,,,,,,,,,,,,,,,,
frame_000129.jpg,,,,,,,,,,20,missing,missing,no_detection,,,,,,,,,,,,,,,,,,
frame_000130.jpg,,,,,,,,,,20,missing,missing,no_detection,,,,,,,,,,,,,,,,,,
frame_000131.jpg,,,,,,,,,,20,missing,missing,no_detection,,,,,,,,,,,,,,,,,,
frame_000132.jpg,,,,,,,,,,20,missing,missing,no_detection,,,,,,,,,,,,,,,,,,
frame_000133.jpg,,,,,,,,,,20,missing,missing,no_detection,,,,,,,,,,,,,,,,,,
frame_000134.jpg,,,,,,,,,,20,missing,missing,no_detection,,,,,,,,,,,,,,,,,,
frame_000135.jpg,,,,,,,,,,20,missing,missing,no_detection,,,,,,,,,,,,,,,,,,
frame_000136.jpg,,,,,,,,,,20,missing,missing,no_detection,,,,,,,,,,,,,,,,,,
frame_000137.jpg,,,,,,,,,,20,missing,missing,no_detection,,,,,,,,,,,,,,,,,,
frame_000138.jpg,,,,,,,,,,20,missing,missing,no_detection,,,,,,,,,,,,,,,,,,
frame_000139.jpg,,,,,,,,,,20,missing,missing,no_detection,,,,,,,,,,,,,,,,,,
frame_000140.jpg,,,,,,,,,,20,missing,missing,no_detection,,,,,,,,,,,,,,,,,,
frame_000141.jpg,,,,,,,,,,20,missing,missing,no_detection,,,,,,,,,,,,,,,,,,
frame_000142.jpg,,,,,,,,,,20,missing,missing,no_detection,,,,,,,,,,,,,,,,,,
frame_000143.jpg,,,,,,,,,,20,missing,missing,no_detection,,,,,,,,,,,,,,,,,,
frame_000144.jpg,,,,,,,,,,20,missing,missing,no_detection,,,,,,,,,,,,,,,,,,
frame_000145.jpg,,,,,,,,,,20,missing,missing,no_detection,,,,,,,,,,,,,,,,,,
frame_000146.jpg,,,,,,,,,,20,missing,missing,no_detection,,,,,,,,,,,,,,,,,,
frame_000147.jpg,,,,,,,,,,20,missing,missing,no_detection,,,,,,,,,,,,,,,,,,
frame_000148.jpg,,,,,,,,,,20,missing,missing,no_detection,,,,,,,,,,,,,,,,,,
frame_000149.jpg,,,,,,,,,,20,missing,missing,no_detection,,,,,,,,,,,,,,,,,,
frame_000150.jpg,,,,,,,,,,20,missing,missing,no_detection,,,,,,,,,,,,,,,,,,
frame_000151.jpg,29.571732864453526,30.21545783524211,815.2455444335938,515.2130889892578,729.701904296875,517.1389770507812,0.11124884337186813,0.893869161605835,85.56531664562434,20,opposite_inferred,detected,opposite_inferred_repair,29.725443693007257,29.687084043407193,29.649744394518773,29.61027497565817,29.571732864453526,29.53768633084761,29.498317685146404,29.46263064596753,29.42645131868593,30.22096208131743,30.22069559049918,30.2191750978891,30.21762728718038,30.21545783524211,30.212378897689273,30.208376410931045,30.204201539659934,30.19993121616345
frame_000152.jpg,30.187007937452957,30.117837832462673,758.0285034179688,490.96173095703125,688.0902709960938,495.013671875,0.3380034565925598,0.32356905937194824,70.0555107004361,20,low_conf_inferred,low_conf_inferred,low_conf_inferred_repair,30.203779071880028,30.19895552962281,30.195406255971584,30.19122265050092,30.187007937452957,30.183362414899346,30.17884789915914,30.174424372285703,30.170075292132335,30.039642320416778,30.05971142167488,30.078381884780747,30.097470024831498,30.117837832462673,30.135227593305043,30.15554181197404,30.174768898919094,30.19528743145895
frame_000153.jpg,,,,,,,,,,20,missing,missing,no_detection,,,,,,,,,,,,,,,,,,
frame_000154.jpg,,,,,,,,,,20,missing,missing,no_detection,,,,,,,,,,,,,,,,,,
frame_000155.jpg,,,,,,,,,,20,missing,missing,no_detection,,,,,,,,,,,,,,,,,,
frame_000156.jpg,,,,,,,,,,20,missing,missing,no_detection,,,,,,,,,,,,,,,,,,
frame_000157.jpg,,,,,,,,,,20,missing,missing,no_detection,,,,,,,,,,,,,,,,,,
frame_000158.jpg,30.49948469498267,30.38844030796262,726.5691528320312,472.4320068359375,652.2313842773438,469.9723815917969,0.042931731790304184,0.499750018119812,74.3784484244724,20,low_conf_inferred,low_conf_inferred,low_conf_inferred_repair,30.513276535831757,30.510116654624884,30.506982320178796,30.503801160981315,30.49948469498267,30.49639076740386,30.492345393484346,30.48787293461086,30.48329979737885,30.258998540188603,30.292168626869284,30.324112605395605,30.35564509015247,30.38844030796262,30.414773328665607,30.44639147799255,30.47463959262806,30.50164144820761
frame_000159.jpg,30.637882989252375,30.295566411491507,733.4064331054688,463.4495086669922,647.86279296875,465.3753967285156,0.22227467596530914,0.7828521728515625,85.56531664562434,20,opposite_inferred,detected,opposite_inferred_repair,30.731522290410734,30.709795149731665,30.688133138231542,30.6638989637122,30.637882989252375,30.61444337281408,30.583909475933176,30.55626263468388,30.52814082813238,30.19957124955835,30.223485282477185,30.24648587900413,30.26966372501536,30.295566411491507,30.317282157807842,30.344949592253126,30.369805563458385,30.394161346219047
frame_000160.jpg,30.637882989252375,30.295566411491507,733.4064331054688,463.4495086669922,647.86279296875,465.3753967285156,0.22227467596530914,0.7828521728515625,85.56531664562434,20,opposite_inferred,detected,opposite_inferred_repair,30.731522290410734,30.709795149731665,30.688133138231542,30.6638989637122,30.637882989252375,30.61444337281408,30.583909475933176,30.55626263468388,30.52814082813238,30.19957124955835,30.223485282477185,30.24648587900413,30.26966372501536,30.295566411491507,30.317282157807842,30.344949592253126,30.369805563458385,30.394161346219047
frame_000161.jpg,30.832762592929804,30.368402323890436,734.6152954101562,462.36289978027344,649.0716552734375,464.2887878417969,0.4369768500328064,0.6680804491043091,85.56531664562434,20,opposite_inferred,detected,opposite_inferred_repair,30.955094602285175,30.92664303709859,30.89718291337112,30.866683401753466,30.832762592929804,30.80202851150515,30.763469484837092,30.727184819491967,30.690314929805808,30.28090293779936,30.300569660839166,30.32100636858668,30.344286707277085,30.368402323890436,30.38941358948538,30.415987627531813,30.439688422317396,30.46278169364575
frame_000162.jpg,30.948354274037584,30.42782181247406,725.7713623046875,468.9579772949219,648.2445678710938,464.95745849609375,0.70490562915802,0.5799413323402405,77.62994271419038,20,detected,detected,ok,30.967097128572128,30.96370815305399,30.959438043461912,30.954262737295455,30.948354274037584,30.94077169975172,30.9321355199666,30.92420198839724,30.915090954823064,30.32515963770534,30.349885276555973,30.373973594627,30.400868343420612,30.42782181247406,30.45148172572961,30.479948373268396,30.505609846990584,30.531136967787088
frame_000163.jpg,30.93961542539094,30.848483459148014,724.4544677734375,468.6075439453125,638.9108276367188,470.53343200683594,0.8544199466705322,0.49519726634025574,85.56531664562434,20,detected,opposite_inferred,opposite_inferred_repair,30.943833308136636,30.94415024976836,30.94308284063583,30.941490470062874,30.93961542539094,30.936717320433452,30.932729118837692,30.927530118497685,30.92121511139309,30.72283428697793,30.75506053088716,30.78524862252675,30.816842702414746,30.848483459148014,30.877104188984035,30.909295714864175,30.93786776453898,30.964998960322028
frame_000164.jpg,30.945993167878928,30.896558999506762,723.2902221679688,469.3612365722656,637.74658203125,471.28712463378906,0.85843825340271,0.311022013425827,85.56531664562434,20,detected,opposite_inferred,opposite_inferred_repair,30.942832417572014,30.944882674472236,30.94573641091777,30.946073745526295,30.945993167878928,30.94463742435853,30.942318297418332,30.938612625868135,30.933721088935016,30.78273436221399,30.812329079727903,30.839614103252273,30.868432128065272,30.896558999506762,30.922192874945708,30.952118188269274,30.978433118576813,31.00367301915753
frame_000165.jpg,,,,,,,,,,20,missing,missing,no_detection,,,,,,,,,,,,,,,,,,
frame_000166.jpg,,,,,,,,,,20,missing,missing,no_detection,,,,,,,,,,,,,,,,,,
frame_000167.jpg,,,,,,,,,,20,missing,missing,no_detection,,,,,,,,,,,,,,,,,,
frame_000168.jpg,,,,,,,,,,20,missing,missing,no_detection,,,,,,,,,,,,,,,,,,
frame_000169.jpg,,,,,,,,,,20,missing,missing,no_detection,,,,,,,,,,,,,,,,,,
frame_000170.jpg,,,,,,,,,,20,missing,missing,no_detection,,,,,,,,,,,,,,,,,,
frame_000171.jpg,,,,,,,,,,20,missing,missing,no_detection,,,,,,,,,,,,,,,,,,
frame_000172.jpg,,,,,,,,,,20,missing,missing,no_detection,,,,,,,,,,,,,,,,,,
frame_000173.jpg,,,,,,,,,,20,missing,missing,no_detection,,,,,,,,,,,,,,,,,,
frame_000174.jpg,,,,,,,,,,20,missing,missing,no_detection,,,,,,,,,,,,,,,,,,
frame_000175.jpg,,,,,,,,,,20,missing,missing,no_detection,,,,,,,,,,,,,,,,,,
frame_000176.jpg,31.12714362078424,30.79498375899016,670.4429321289062,457.1058654785156,578.0504150390625,457.4717712402344,0.8740910291671753,0.6930330991744995,92.39324164257648,20,detected,detected,ok,31.15211294560221,31.145907237945924,31.139474525025012,31.133350705418717,31.12714362078424,31.1221768496971,31.11689629716333,31.112761421818412,31.108385971739573,30.755587790739845,30.761226171465847,30.769652969079395,30.781865963034548,30.79498375899016,30.80793971206936,30.823227020739555,30.836490227348428,30.850013416989555
frame_000177.jpg,31.23475466827173,30.880512639761466,667.7916870117188,459.26544189453125,574.962646484375,458.8030242919922,0.8451498746871948,0.46731191873550415,92.40463288168735,20,detected,tracked,tracked_repair,31.264501825193047,31.257204005380753,31.250209550421495,31.24214732999663,31.23475466827173,31.227659943045936,31.219096638714994,31.21054705764921,31.20176953089461,30.838653767460887,30.846787786449887,30.85534780765633,30.867803350851958,30.880512639761466,30.892646437007677,30.90700811192157,30.91950314386278,30.9321437856314
frame_000178.jpg,31.304389189747422,31.060599549794073,666.08447265625,459.24359130859375,571.8748779296875,460.13427734375,0.9696249961853027,0.5519279837608337,94.2138050402189,20,detected,detected,ok,31.31348518836896,31.313234118938556,31.31175048210857,31.308534048337005,31.304389189747422,31.29933224694566,31.291756261728164,31.283865839108525,31.27587235502924,31.047401354795834,31.04880203781775,31.051133197821695,31.055302940546778,31.060599549794073,31.06602019202875,31.072525941188395,31.078586018507803,31.08601440501276
frame_000179.jpg,31.22361723160735,30.938564717596492,664.2420654296875,456.6477966308594,575.2039794921875,459.3501892089844,0.825470507144928,0.6856387853622437,89.07908662003636,20,detected,detected,ok,31.22827749985248,31.228221408891454,31.228067641116812,31.226178460108873,31.22361723160735,31.21867469372655,31.212718030836754,31.20680668749943,31.200469492183668,30.870479547081832,30.887655612337742,30.904204773961172,30.921757747845785,30.938564717596492,30.954089088493266,30.971544645177328,30.98652306112519,31.001864493263476
frame_000180.jpg,,,,,,,,,,20,missing,missing,no_detection,,,,,,,,,,,,,,,,,,
frame_000181.jpg,,,,,,,,,,20,missing,missing,no_detection,,,,,,,,,,,,,,,,,,
frame_000182.jpg,,,,,,,,,,20,missing,missing,no_detection,,,,,,,,,,,,,,,,,,
frame_000183.jpg,,,,,,,,,,20,missing,missing,no_detection,,,,,,,,,,,,,,,,,,
frame_000184.jpg,,,,,,,,,,20,missing,missing,no_detection,,,,,,,,,,,,,,,,,,
frame_000185.jpg,,,,,,,,,,20,missing,missing,no_detection,,,,,,,,,,,,,,,,,,
frame_000186.jpg,31.018523140270343,30.709724095472698,658.27587890625,453.7047119140625,571.3252563476562,455.6722412109375,0.886350691318512,0.95392245054245,86.97288045627265,20,detected,detected,ok,31.018186760066726,31.019290517294213,31.019661311815884,31.01920876772438,31.018523140270343,31.01689928944547,31.013825793074425,31.00941792765232,31.0042594477632,30.675270115211507,30.681529454612168,30.688672108011943,30.698960284494817,30.709724095472698,30.721110264424716,30.732242568118366,30.74230420648625,30.75184188926166
frame_000187.jpg,31.033843210880107,30.771886684153987,656.931884765625,454.7691955566406,569.090087890625,456.7177734375,0.926654040813446,0.9567842483520508,87.86340668325201,20,detected,detected,ok,31.02200350210404,31.027043164542313,31.0301743209532,31.03231512951899,31.033843210880107,31.03466422514142,31.03574096878819,31.03630290452135,31.036394564470875,30.73798713965857,30.74430270645435,30.7516954594527,30.76162586601621,30.771886684153987,30.782382651329595,30.79327392629928,30.802794678942053,30.81091660374102
frame_000188.jpg,30.95673351764581,30.70722453927737,654.5137939453125,451.84161376953125,570.2008056640625,454.6713562011719,0.8149594068527222,0.9506075978279114,84.36046132604793,20,detected,detected,ok,30.944739822415297,30.947980822314467,30.951553758195317,30.95406337770801,30.95673351764581,30.958161818906806,30.959401296117683,30.959552671162555,30.958125016555314,30.66772850138336,30.676367666010485,30.685411771365615,30.696548443002765,30.70722453927737,30.717826872548475,30.729528471865354,30.740047805277907,30.749911376850616
frame_000189.jpg,31.012343068017156,30.73784586738724,655.5383911132812,452.6872253417969,569.8311157226562,455.10479736328125,0.8518753051757812,0.9672107100486755,85.7413652175162,20,detected,detected,ok,30.99144128788512,30.996738706211612,31.00160516979559,31.00720040158613,31.012343068017156,31.01628752738427,31.021240081042,31.023595984296627,31.024047680189252,30.702959408689566,30.708690047086673,30.71581444425038,30.727244901884756,30.73784586738724,30.749674312309434,30.76205222897165,30.773044089307234,30.783152328222013
frame_000190.jpg,31.03311584247611,30.800180359034503,654.9951171875,453.5898742675781,569.7893676757812,456.03369140625,0.7829668521881104,0.9398233890533447,85.24078831205766,20,detected,detected,ok,31.006524486002878,31.0137908921861,31.020252175274013,31.02715964920546,31.03311584247611,31.03835304302548,31.044117375753753,31.048427242984296,31.050684541155533,30.763139800327576,30.768387648142667,30.776600112297924,30.78886658396356,30.800180359034503,30.81300458530339,30.82632957291403,30.838273489112133,30.849729905174907
frame_000191.jpg,31.039497989586543,30.859215342936718,655.55859375,454.2479248046875,568.717529296875,455.9873352050781,0.926901638507843,0.967260479927063,86.85848273998802,20,detected,detected,ok,31.022999049198752,31.026951313333875,31.03041885569443,31.034659037852975,31.039497989586543,31.04347277650311,31.048024858310306,31.051439689494003,31.05326465790248,30.8372880973843,30.8407532757905,30.845308528448793,30.853409035394243,30.859215342936718,30.867753450233064,30.876575450466984,30.885033247661287,30.89246848986838
frame_000192.jpg,31.01461633837877,30.789684759887507,656.1644897460938,453.23504638671875,569.8734130859375,455.0670166015625,0.8196688890457153,0.9278759360313416,86.3105209463889,20,detected,detected,ok,31.00868295808783,31.01132354628185,31.013253494548476,31.0135941783731,31.01461633837877,31.015937340649597,31.017776565662647,31.018201154493063,31.018021553290218,30.757996606064168,30.761943509348743,30.768614682453507,30.779524745571095,30.789684759887507,30.80108631383458,30.813120930609465,30.82498209511936,30.836297265131748
frame_000193.jpg,30.994709453058093,30.800473064949582,654.1622314453125,453.7384033203125,569.8946533203125,455.3434143066406,0.794158399105072,0.8420029878616333,84.28286174139564,20,detected,detected,ok,30.972710742270788,30.979520359720606,30.9854776534353,30.990428437211833,30.994709453058093,30.996898947513717,31.000214181138542,31.002814411399118,31.004380004325395,30.776630537110986,30.779082214273963,30.78460249243719,30.793595497590015,30.800473064949582,30.80908336351117,30.81800986161714,30.826671072396163,30.83550163279364
frame_000194.jpg,30.918987982844175,30.734990952073872,654.9230346679688,451.9082336425781,570.8067626953125,453.80859375,0.8719742894172668,0.8747933506965637,84.13773576176006,20,detected,detected,ok,30.906376583311324,30.90951746018493,30.91295169117857,30.915864573688328,30.918987982844175,30.919928634305492,30.920792368592835,30.920094785149516,30.917254341172896,30.717628651441554,30.719495276789168,30.72319690583991,30.72920062570026,30.734990952073872,30.742821212620612,30.7512211225223,30.75894951229896,30.767320865421706
frame_000195.jpg,30.937760528400545,30.662261600418255,655.1948089599609,452.1045150756836,571.0648193359375,454.01763916015625,,,,20,tracked,tracked,tracked_repair,30.92676998610641,30.930131379988214,30.932857572998554,30.935290391857095,30.937760528400545,30.938481669765046,30.937874237352457,30.936463442254777,30.932638266806716,30.62858587755161,30.635028823156745,30.643230760206993,30.65218739274964,30.662261600418255,30.673075660966852,30.686785660169775,30.699327019841075,30.711100034651857
frame_000196.jpg,30.949053444977586,30.627538387298436,655.4665832519531,452.30079650878906,571.3228759765625,454.2266845703125,,,,20,tracked,tracked,tracked_repair,30.94230336027889,30.944412668798442,30.946954251958132,30.94795124094277,30.949053444977586,30.948063405443726,30.94604180636787,30.94369550460504,30.939328150706494,30.58634763070467,30.594467053023735,30.604022944400874,30.61512841634607,30.627538387298436,30.641222185576755,30.656975300503586,30.672266379437186,30.687547147983956
frame_000197.jpg,30.97628035886057,30.629269533924376,655.7383575439453,452.49707794189453,571.5809326171875,454.43572998046875,,,,20,tracked,tracked,tracked_repair,30.971158485604654,30.971977127463685,30.97342975141783,30.975044572212457,30.97628035886057,30.975859197978906,30.97500660446388,30.972446258388015,30.968654019818292,30.555392297589492,30.571414855110216,30.588181126561047,30.608610488511786,30.629269533924376,30.647490596382983,30.668081832287637,30.686497477456903,30.70371056425764
frame_000198.jpg,31.058642597087946,30.664383025338683,656.0101318359375,452.693359375,571.8389892578125,454.644775390625,0.8501224517822266,0.8760957717895508,84.19376026388824,20,detected,detected,ok,31.04745063876744,31.051476051690543,31.054267152728677,31.05639489355552,31.058642597087946,31.060366000097627,31.061630029243386,31.062325371344038,31.06290727072843,30.557062925454957,30.58236130587175,30.608243567066623,30.636858420653795,30.664383025338683,30.68903467042423,30.71816227186163,30.743798089721352,30.767622901759406
frame_000199.jpg,31.078713387449476,30.696945454343325,656.698486328125,452.74951171875,571.6024169921875,454.7642822265625,0.8911606073379517,0.8940123319625854,85.11991727337282,20,detected,detected,ok,31.064988001494022,31.067686118250453,31.071052745983135,31.075130283869548,31.078713387449476,31.082804133380975,31.086426101120196,31.08772335563699,31.08707613234672,30.59751992513213,30.619806464063764,30.643335090092542,30.67018749802871,30.696945454343325,30.721247762615658,30.748747134739727,30.773082133695,30.79655407838983
frame_000200.jpg,31.070492921137088,30.685769162913637,656.5220336914062,451.52911376953125,572.1639404296875,453.9714660644531,0.9051110148429871,0.909645676612854,84.39344159047756,20,detected,detected,ok,31.060735644216763,31.06261862187787,31.064667407920634,31.067384434637017,31.070492921137088,31.072632694801516,31.07323736208232,31.07247954931652,31.070095012569066,30.595286494107263,30.613977616303387,30.63425259879761,30.660009965664166,30.685769162913637,30.70895533207287,30.73559557813037,30.75937430276595,30.78177713157407
frame_000201.jpg,,,,,,,,,,20,missing,missing,no_detection,,,,,,,,,,,,,,,,,,
frame_000202.jpg,,,,,,,,,,20,missing,missing,no_detection,,,,,,,,,,,,,,,,,,
frame_000203.jpg,,,,,,,,,,20,missing,missing,no_detection,,,,,,,,,,,,,,,,,,
frame_000204.jpg,,,,,,,,,,20,missing,missing,no_detection,,,,,,,,,,,,,,,,,,
frame_000205.jpg,,,,,,,,,,20,missing,missing,no_detection,,,,,,,,,,,,,,,,,,
frame_000206.jpg,,,,,,,,,,20,missing,missing,no_detection,,,,,,,,,,,,,,,,,,
frame_000207.jpg,,,,,,,,,,20,missing,missing,no_detection,,,,,,,,,,,,,,,,,,
frame_000208.jpg,30.91352734467945,30.627944798888894,659.9209594726562,443.3844757080078,574.3773193359375,445.31036376953125,0.007728700991719961,0.8985682129859924,85.56531664562434,20,opposite_inferred,detected,opposite_inferred_repair,30.938322794317855,30.932082999883505,30.926321974071612,30.91990264937453,30.91352734467945,30.906410671974086,30.898037054784677,30.890349524009963,30.882321393838044,30.584689116023174,30.59310496958328,30.602207032762156,30.613961013799837,30.627944798888894,30.64090108157598,30.656547516124817,30.671415262942553,30.686237162455672
frame_000209.jpg,31.1360952779462,30.680471066734494,666.1417846679688,445.7678985595703,580.59814453125,447.69378662109375,0.011877614073455334,0.6972377300262451,85.56531664562434,20,opposite_inferred,detected,opposite_inferred_repair,31.118836971357737,31.124456208494653,31.129163271522,31.13307279275617,31.1360952779462,31.137262794833255,31.137437817866374,31.136389465147214,31.13399086460252,30.480994955010647,30.531276878786365,30.58105102536815,30.63202375360871,30.680471066734494,30.720894294662255,30.767786403636578,30.807524573328788,30.843594451192367
frame_000210.jpg,31.04655664736324,30.726532796469563,655.5798950195312,446.0786437988281,582.1551513671875,450.3553771972656,0.02626432292163372,0.4448082149028778,73.54919053921466,20,low_conf_inferred,low_conf_inferred,low_conf_inferred_repair,31.020135552205275,31.02470776872149,31.03080522214881,31.03834931815442,31.04655664736324,31.05335874809213,31.061338004318827,31.067971702432462,31.07414941626129,30.525788626583385,30.576919425654566,30.62642651398279,30.67690573607633,30.726532796469563,30.76935413021673,30.818719212382415,30.860593841720267,30.898698292897144
frame_000211.jpg,31.069233765503178,30.869389794400963,659.000732421875,446.4239196777344,584.0899047851562,451.052978515625,0.047967344522476196,0.11536850035190582,75.05371598357299,20,low_conf_inferred,low_conf_inferred,low_conf_inferred_repair,31.04323114318094,31.04925036579604,31.055610423979598,31.061944068764685,31.069233765503178,31.075734882912524,31.084309086108668,31.092179925525556,31.09944774139647,30.670545953887288,30.72035650237411,30.76944721103381,30.819305923186356,30.869389794400963,30.911523445158146,30.960002917517862,31.00195008316544,31.04196316241511
frame_000212.jpg,,,,,,,,,,20,missing,missing,no_detection,,,,,,,,,,,,,,,,,,
frame_000213.jpg,,,,,,,,,,20,missing,missing,no_detection,,,,,,,,,,,,,,,,,,
frame_000214.jpg,31.652943690626643,31.858249990774553,767.1524658203125,405.7363586425781,697.5845336914062,409.32373046875,0.4655478894710541,0.022130701690912247,69.66036475149494,20,low_conf_inferred,low_conf_inferred,low_conf_inferred_repair,31.666562497059992,31.66460295463421,31.661505025269612,31.658053218015652,31.652943690626643,31.64814106765434,31.641447124128216,31.634908589107148,31.627864487475865,31.876046470734973,31.870987502835625,31.867347342179592,31.862838533552242,31.858249990774553,31.853036431296854,31.847500887801818,31.843265462435063,31.838657265824196
frame_000215.jpg,,,,,,,,,,20,missing,missing,no_detection,,,,,,,,,,,,,,,,,,
frame_000216.jpg,,,,,,,,,,20,missing,missing,no_detection,,,,,,,,,,,,,,,,,,
frame_000217.jpg,,,,,,,,,,20,missing,missing,no_detection,,,,,,,,,,,,,,,,,,
frame_000218.jpg,,,,,,,,,,20,missing,missing,no_detection,,,,,,,,,,,,,,,,,,
frame_000219.jpg,,,,,,,,,,20,missing,missing,no_detection,,,,,,,,,,,,,,,,,,
frame_000220.jpg,,,,,,,,,,20,missing,missing,no_detection,,,,,,,,,,,,,,,,,,
frame_000221.jpg,,,,,,,,,,20,missing,missing,no_detection,,,,,,,,,,,,,,,,,,
frame_000222.jpg,,,,,,,,,,20,missing,missing,no_detection,,,,,,,,,,,,,,,,,,
frame_000223.jpg,,,,,,,,,,20,missing,missing,no_detection,,,,,,,,,,,,,,,,,,
frame_000224.jpg,,,,,,,,,,20,missing,missing,no_detection,,,,,,,,,,,,,,,,,,
frame_000225.jpg,,,,,,,,,,20,missing,missing,no_detection,,,,,,,,,,,,,,,,,,
frame_000226.jpg,,,,,,,,,,20,missing,missing,no_detection,,,,,,,,,,,,,,,,,,
frame_000227.jpg,,,,,,,,,,20,missing,missing,no_detection,,,,,,,,,,,,,,,,,,
frame_000228.jpg,,,,,,,,,,20,missing,missing,no_detection,,,,,,,,,,,,,,,,,,
frame_000229.jpg,,,,,,,,,,20,missing,missing,no_detection,,,,,,,,,,,,,,,,,,
frame_000230.jpg,,,,,,,,,,20,missing,missing,no_detection,,,,,,,,,,,,,,,,,,
frame_000231.jpg,,,,,,,,,,20,missing,missing,no_detection,,,,,,,,,,,,,,,,,,
frame_000232.jpg,,,,,,,,,,20,missing,missing,no_detection,,,,,,,,,,,,,,,,,,
frame_000233.jpg,,,,,,,,,,20,missing,missing,no_detection,,,,,,,,,,,,,,,,,,
frame_000234.jpg,,,,,,,,,,20,missing,missing,no_detection,,,,,,,,,,,,,,,,,,
frame_000235.jpg,,,,,,,,,,20,missing,missing,no_detection,,,,,,,,,,,,,,,,,,
frame_000236.jpg,,,,,,,,,,20,missing,missing,no_detection,,,,,,,,,,,,,,,,,,
frame_000237.jpg,,,,,,,,,,20,missing,missing,no_detection,,,,,,,,,,,,,,,,,,
frame_000238.jpg,,,,,,,,,,20,missing,missing,no_detection,,,,,,,,,,,,,,,,,,
frame_000239.jpg,,,,,,,,,,20,missing,missing,no_detection,,,,,,,,,,,,,,,,,,
frame_000240.jpg,,,,,,,,,,20,missing,missing,no_detection,,,,,,,,,,,,,,,,,,
frame_000241.jpg,,,,,,,,,,20,missing,missing,no_detection,,,,,,,,,,,,,,,,,,
frame_000242.jpg,,,,,,,,,,20,missing,missing,no_detection,,,,,,,,,,,,,,,,,,
frame_000243.jpg,,,,,,,,,,20,missing,missing,no_detection,,,,,,,,,,,,,,,,,,
frame_000244.jpg,,,,,,,,,,20,missing,missing,no_detection,,,,,,,,,,,,,,,,,,
frame_000245.jpg,,,,,,,,,,20,missing,missing,no_detection,,,,,,,,,,,,,,,,,,
frame_000246.jpg,,,,,,,,,,20,missing,missing,no_detection,,,,,,,,,,,,,,,,,,
frame_000247.jpg,,,,,,,,,,20,missing,missing,no_detection,,,,,,,,,,,,,,,,,,
frame_000248.jpg,,,,,,,,,,20,missing,missing,no_detection,,,,,,,,,,,,,,,,,,
frame_000249.jpg,,,,,,,,,,20,missing,missing,no_detection,,,,,,,,,,,,,,,,,,
frame_000250.jpg,,,,,,,,,,20,missing,missing,no_detection,,,,,,,,,,,,,,,,,,
frame_000251.jpg,,,,,,,,,,20,missing,missing,no_detection,,,,,,,,,,,,,,,,,,
frame_000252.jpg,,,,,,,,,,20,missing,missing,no_detection,,,,,,,,,,,,,,,,,,
frame_000253.jpg,,,,,,,,,,20,missing,missing,no_detection,,,,,,,,,,,,,,,,,,
frame_000254.jpg,,,,,,,,,,20,missing,missing,no_detection,,,,,,,,,,,,,,,,,,
frame_000255.jpg,,,,,,,,,,20,missing,missing,no_detection,,,,,,,,,,,,,,,,,,
frame_000256.jpg,,,,,,,,,,20,missing,missing,no_detection,,,,,,,,,,,,,,,,,,
frame_000257.jpg,,,,,,,,,,20,missing,missing,no_detection,,,,,,,,,,,,,,,,,,
frame_000258.jpg,,,,,,,,,,20,missing,missing,no_detection,,,,,,,,,,,,,,,,,,
frame_000259.jpg,,,,,,,,,,20,missing,missing,no_detection,,,,,,,,,,,,,,,,,,
frame_000260.jpg,,,,,,,,,,20,missing,missing,no_detection,,,,,,,,,,,,,,,,,,
